	i	text	gold
0	0	1.	
1	1	»	
2	2	Wahrhaftig	(mention_id=1|references=(entity=(entity_id=figur_0001|fullname=Amtsrichter Weishaupt|gender=m)))
3	3	,	
4	4	Franz	(mention_id=2|references=(entity=(entity_id=figur_0007|fullname=Franz Linden|gender=m)))
5	5	,	
6	6	an	
7	7	deiner	(mention_id=3|references=(entity=(entity_id=figur_0007|fullname=Franz Linden|gender=m)))
8	8	Stelle	
9	9	wüßte	
10	10	ich	(mention_id=4|references=(entity=(entity_id=figur_0001|fullname=Amtsrichter Weishaupt|gender=m)))
11	11	nicht	
12	12	,	
13	13	ob	
14	14	ich	(mention_id=5|references=(entity=(entity_id=figur_0001|fullname=Amtsrichter Weishaupt|gender=m)))
15	15	lachen	
16	16	oder	
17	17	weinen	
18	18	sollte	
19	19	!	
20	20	Eine	
21	21	Erbschaft	
22	22	ist	
23	23	mir	(mention_id=6|references=(entity=(entity_id=figur_0001|fullname=Amtsrichter Weishaupt|gender=m)))
24	24	immer	
25	25	als	
26	26	das	
27	27	Ziel	
28	28	meiner	(mention_id=7|references=(entity=(entity_id=figur_0001|fullname=Amtsrichter Weishaupt|gender=m)))
29	29	Wünsche	
30	30	erschienen	
31	31	,	
32	32	aber	
33	33	wie	
34	34	mit	
35	35	jedem	
36	36	Dinge	
37	37	im	
38	38	menschlichen	
39	39	Leben	
40	40	–	
41	41	alles	
42	42	mit	
43	43	Unterschied	
44	44	.	
45	45	Franz	(mention_id=8|references=(entity=(entity_id=figur_0007|fullname=Franz Linden|gender=m)))
46	46	,	
47	47	wirklich	
48	48	,	
49	49	du	(mention_id=9|references=(entity=(entity_id=figur_0007|fullname=Franz Linden|gender=m)))
50	50	tust	
51	51	mir	(mention_id=10|references=(entity=(entity_id=figur_0001|fullname=Amtsrichter Weishaupt|gender=m)))
52	52	leid	
53	53	!	
54	54	Da	
55	55	hast	
56	56	du	(mention_id=11|references=(entity=(entity_id=figur_0007|fullname=Franz Linden|gender=m)))
57	57	nun	
58	58	etwas	
59	59	Ererbtes	
60	60	am	
61	61	Halse	
62	62	,	
63	63	an	
64	64	das	
65	65	du	(mention_id=12|references=(entity=(entity_id=figur_0007|fullname=Franz Linden|gender=m)))
66	66	nie	
67	67	gedacht	
68	68	hast	
69	69	.	
70	70	Ein	
71	71	sogenanntes	
72	72	Gut	
73	73	,	
74	74	ein	
75	75	paar	
76	76	hundert	
77	77	Morgen	
78	78	Äckerchen	
79	79	und	
80	80	Wiesen	
81	81	,	
82	82	etwas	
83	83	Wald	
84	84	,	
85	85	einen	
86	86	verwilderten	
87	87	Garten	
88	88	,	
89	89	ein	
90	90	vernachlässigtes	
91	91	Wohnhaus	
92	92	,	
93	93	als	
94	94	Inventar	
95	95	vier	
96	96	gallige	
97	97	,	
98	98	spatlahme	
99	99	Andalusier	
100	100	,	
101	101	sechs	
102	102	spindeldürre	
103	103	Kühe	
104	104	und	
105	105	eine	
106	106	Tante	(mention_id=13|references=(entity=(entity_id=figur_0009|fullname=Fräulein Rosalie|gender=u)))
107	107	als	
108	108	Hauptsache	
109	109	,	
110	110	die	(mention_id=14|references=(entity=(entity_id=figur_0009|fullname=Fräulein Rosalie|gender=u)))
111	111	das	
112	112	Gallige	
113	113	und	
114	114	Spindeldürre	
115	115	in	
116	116	ihrer	(mention_id=15|references=(entity=(entity_id=figur_0009|fullname=Fräulein Rosalie|gender=u)))
117	117	angenehmen	
118	118	Persönlichkeit	
119	119	zu	
120	120	vereinigen	
121	121	scheint	
122	122	.	
123	123	–	
124	124	Menschenkind	(mention_id=16|references=(entity=(entity_id=figur_0007|fullname=Franz Linden|gender=m)))
125	125	,	
126	126	so	
127	127	ringe	
128	128	doch	
129	129	wenigstens	
130	130	die	
131	131	Hände	
132	132	oder	
133	133	schimpfe	
134	134	,	
135	135	oder	
136	136	tue	
137	137	irgend	
138	138	etwas	
139	139	dergleichen	
140	140	,	
141	141	aber	
142	142	stehe	
143	143	nicht	
144	144	so	
145	145	einher	
146	146	wie	
147	147	die	
148	148	stumme	
149	149	Verzweiflung	
150	150	selbst	
151	151	!	
152	152	«	
153	153	Amtsrichter	(mention_id=17|references=(entity=(entity_id=figur_0001|fullname=Amtsrichter Weishaupt|gender=m)))
154	154	Weishaupt	(mention_id=17|references=(entity=(entity_id=figur_0001|fullname=Amtsrichter Weishaupt|gender=m)))
155	155	sprach	
156	156	diese	
157	157	Worte	
158	158	im	
159	159	komischen	
160	160	Zorn	
161	161	zu	
162	162	seinem	(mention_id=18|references=(entity=(entity_id=figur_0001|fullname=Amtsrichter Weishaupt|gender=m)))
163	163	gegenübersitzenden	
164	164	Freund	(mention_id=19|references=(entity=(entity_id=figur_0007|fullname=Franz Linden|gender=m)))
165	165	,	
166	166	dem	
167	167	Assessor	(mention_id=20|references=(entity=(entity_id=figur_0007|fullname=Franz Linden|gender=m)))
168	168	Linden	(mention_id=20|references=(entity=(entity_id=figur_0007|fullname=Franz Linden|gender=m)))
169	169	.	
170	170	Vor	
171	171	ihnen	(mention_id=21|references=(entity=(entity_id=figur_0001|fullname=Amtsrichter Weishaupt|gender=m)),(entity=(entity_id=figur_0007|fullname=Franz Linden|gender=m)))
172	172	auf	
173	173	dem	
174	174	Tische	
175	175	stand	
176	176	eine	
177	177	Rheinweinflasche	
178	178	nebst	
179	179	Gläsern	
180	180	,	
181	181	und	
182	182	auf	
183	183	dieser	
184	184	bereits	
185	185	geleerten	
186	186	Flasche	
187	187	hafteten	
188	188	die	
189	189	Augen	
190	190	des	
191	191	Angeredeten	(mention_id=22|references=(entity=(entity_id=figur_0007|fullname=Franz Linden|gender=m)))
192	192	mit	
193	193	nachdenklichem	
194	194	Ausdruck	
195	195	,	
196	196	als	
197	197	könne	
198	198	er	(mention_id=23|references=(entity=(entity_id=figur_0007|fullname=Franz Linden|gender=m)))
199	199	von	
200	200	dem	
201	201	Etikett	
202	202	eine	
203	203	Antwort	
204	204	ablesen	
205	205	.	
206	206	Es	
207	207	war	
208	208	ein	
209	209	großes	
210	210	Zimmer	
211	211	,	
212	212	in	
213	213	dem	
214	214	sich	(mention_id=24|references=(entity=(entity_id=figur_0001|fullname=Amtsrichter Weishaupt|gender=m)),(entity=(entity_id=figur_0007|fullname=Franz Linden|gender=m)))
215	215	die	
216	216	beiden	(mention_id=25|references=(entity=(entity_id=figur_0001|fullname=Amtsrichter Weishaupt|gender=m)),(entity=(entity_id=figur_0007|fullname=Franz Linden|gender=m)))
217	217	befanden	
218	218	,	
219	219	eine	
220	220	Art	
221	221	Gartensaal	
222	222	,	
223	223	unendlich	
224	224	altmodisch	
225	225	und	
226	226	einfach	
227	227	ausgestattet	
228	228	mit	
229	229	zwei	
230	230	birkenen	
231	231	Eckschränken	
232	232	,	
233	233	wie	
234	234	sie	
235	235	zu	
236	236	Großmutterzeiten	(mention_id=26|references=(entity=(entity_id=figur_0011|fullname=Großmutter|gender=f|specialcase_entity=generic)))
237	237	die	
238	238	jetzigen	
239	239	vornehmen	
240	240	Kredenztische	
241	241	vertraten	
242	242	und	
243	243	anstatt	
244	244	kostbarer	
245	245	Majoliken	
246	246	die	
247	247	vergoldeten	
248	248	buntbemalten	
249	249	Porzellantassen	
250	250	hinter	
251	251	ihren	
252	252	Glasscheiben	
253	253	sehen	
254	254	ließen	
255	255	,	
256	256	mit	
257	257	einem	
258	258	großen	
259	259	Sofa	
260	260	,	
261	261	dessen	
262	262	schwarzer	
263	263	Roßhaarbezug	
264	264	gar	
265	265	keinen	
266	266	Gedanken	
267	267	an	
268	268	ein	
269	269	behaglich-molliges	
270	270	Ruhestündchen	
271	271	aufkommen	
272	272	ließ	
273	273	,	
274	274	mit	
275	275	sechs	
276	276	rührend	
277	277	einfach	
278	278	konstruierten	
279	279	Rohrstühlen	
280	280	,	
281	281	die	
282	282	um	
283	283	den	
284	284	großen	
285	285	Tisch	
286	286	standen	
287	287	,	
288	288	und	
289	289	endlich	
290	290	mit	
291	291	mehr	
292	292	als	
293	293	zweifelhaften	
294	294	Familienporträten	
295	295	,	
296	296	unter	
297	297	denen	
298	298	besonders	
299	299	das	
300	300	Pastellbildnis	
301	301	einer	
302	302	blondgelockten	
303	303	jugendlichen	
304	304	Schönheit	(mention_id=27|references=(entity=(entity_id=figur_0017|fullname=Pastellbildnis einer blondgelockten jugendlichen Schönheit|gender=f)))
305	305	auffiel	
306	306	,	
307	307	deren	(mention_id=28|references=(entity=(entity_id=figur_0017|fullname=Pastellbildnis einer blondgelockten jugendlichen Schönheit|gender=f)))
308	308	unendlich	
309	309	kleiner	
310	310	Mund	
311	311	wie	
312	312	verlegen	
313	313	lächelte	
314	314	,	
315	315	als	
316	316	wollte	
317	317	sie	(mention_id=29|references=(entity=(entity_id=figur_0017|fullname=Pastellbildnis einer blondgelockten jugendlichen Schönheit|gender=f)))
318	318	sagen	
319	319	:	
320	320	»	
321	321	Glaubt	
322	322	mir	(mention_id=30|references=(entity=(entity_id=figur_0017|fullname=Pastellbildnis einer blondgelockten jugendlichen Schönheit|gender=f)))
323	323	nur	
324	324	,	
325	325	ganz	
326	326	so	
327	327	dumm	
328	328	habe	
329	329	ich	(mention_id=31|references=(entity=(entity_id=figur_0017|fullname=Pastellbildnis einer blondgelockten jugendlichen Schönheit|gender=f)))
330	330	in	
331	331	Wirklichkeit	
332	332	nicht	
333	333	ausgesehen	
334	334	!	
335	335	«	
336	336	Und	
337	337	über	
338	338	all	
339	339	dieses	
340	340	verbreiteten	
341	341	orangegelbe	
342	342	Fenstervorhänge	
343	343	ein	
344	344	eigentümlich	
345	345	unangenehmes	
346	346	Licht	
347	347	.	
348	348	Die	
349	349	Tür	
350	350	des	
351	351	Zimmers	
352	352	stand	
353	353	geöffnet	
354	354	und	
355	355	,	
356	356	wie	
357	357	entschädigend	
358	358	für	
359	359	alle	
360	360	Geschmacklosigkeiten	
361	361	,	
362	362	bot	
363	363	sich	
364	364	dem	
365	365	Auge	
366	366	eine	
367	367	wunderliebliche	
368	368	Aussicht	
369	369	.	
370	370	Hohe	
371	371	,	
372	372	bewaldete	
373	373	Bergkuppen	
374	374	,	
375	375	mit	
376	376	üppigem	
377	377	Laubwald	
378	378	bedeckt	
379	379	,	
380	380	dessen	
381	381	ernstes	
382	382	Grün	
383	383	der	
384	384	Herbst	
385	385	schon	
386	386	in	
387	387	leuchtende	
388	388	Farben	
389	389	verwandelt	
390	390	hatte	
391	391	,	
392	392	bildeten	
393	393	den	
394	394	Hintergrund	
395	395	.	
396	396	In	
397	397	nächster	
398	398	Nähe	
399	399	der	
400	400	Garten	
401	401	,	
402	402	malerisch	
403	403	genug	
404	404	in	
405	405	seiner	
406	406	Verwilderung	
407	407	;	
408	408	und	
409	409	hinter	
410	410	den	
411	411	Bäumen	
412	412	hervorschimmernd	
413	413	die	
414	414	roten	
415	415	Ziegeldächer	
416	416	des	
417	417	Dorfes	
418	418	.	
419	419	Und	
420	420	das	
421	421	Ganze	
422	422	verschleiert	
423	423	von	
424	424	dem	
425	425	feinen	
426	426	Hauch	
427	427	eines	
428	428	Oktobermorgens	
429	429	,	
430	430	dessen	
431	431	die	
432	432	Sonne	
433	433	noch	
434	434	nicht	
435	435	Herr	
436	436	werden	
437	437	konnte	
438	438	.	
439	439	Mit	
440	440	der	
441	441	herben	
442	442	,	
443	443	reinen	
444	444	Luft	
445	445	aber	
446	446	wehte	
447	447	anmutend	
448	448	der	
449	449	taktmäßige	
450	450	Schall	
451	451	der	
452	452	Dreschflegel	
453	453	herüber	
454	454	,	
455	455	die	
456	456	auf	
457	457	der	
458	458	Tenne	
459	459	des	
460	460	Gutes	
461	461	geschwungen	
462	462	wurden	
463	463	.	
464	464	Von	
465	465	der	
466	466	Weinflasche	
467	467	war	
468	468	das	
469	469	dunkle	
470	470	Auge	
471	471	des	
472	472	jungen	
473	473	Mannes	(mention_id=32|references=(entity=(entity_id=figur_0007|fullname=Franz Linden|gender=m)))
474	474	hinausgeschweift	
475	475	.	
476	476	Er	(mention_id=33|references=(entity=(entity_id=figur_0007|fullname=Franz Linden|gender=m)))
477	477	sprang	
478	478	plötzlich	
479	479	empor	
480	480	und	
481	481	trat	
482	482	in	
483	483	die	
484	484	Tür	
485	485	.	
486	486	»	
487	487	Und	
488	488	trotz	
489	489	alledem	
490	490	,	
491	491	Richard	(mention_id=34|references=(entity=(entity_id=figur_0001|fullname=Amtsrichter Weishaupt|gender=m)))
492	492	,	
493	493	es	
494	494	ist	
495	495	ein	
496	496	reizendes	
497	497	Fleckchen	
498	498	Erde	
499	499	«	
500	500	,	
501	501	sagte	
502	502	er	(mention_id=35|references=(entity=(entity_id=figur_0007|fullname=Franz Linden|gender=m)))
503	503	warm	
504	504	,	
505	505	»	
506	506	ich	(mention_id=36|references=(entity=(entity_id=figur_0007|fullname=Franz Linden|gender=m)))
507	507	habe	
508	508	für	
509	509	Norddeutschland	
510	510	immer	
511	511	große	
512	512	Sympathien	
513	513	gehabt	
514	514	.	
515	515	Glaube	
516	516	mir	(mention_id=37|references=(entity=(entity_id=figur_0007|fullname=Franz Linden|gender=m)))
517	517	,	
518	518	der	
519	519	Faust	
520	520	liest	
521	521	sich	
522	522	hier	
523	523	noch	
524	524	einmal	
525	525	so	
526	526	gut	
527	527	,	
528	528	wo	
529	529	der	
530	530	Brocken	
531	531	dort	
532	532	herüberschaut	
533	533	.	
534	534	Ich	(mention_id=38|references=(entity=(entity_id=figur_0007|fullname=Franz Linden|gender=m)))
535	535	bitte	
536	536	dich	(mention_id=39|references=(entity=(entity_id=figur_0001|fullname=Amtsrichter Weishaupt|gender=m)))
537	537	,	
538	538	krächze	
539	539	nicht	
540	540	mehr	
541	541	wie	
542	542	ein	
543	543	Unglücksrabe	(mention_id=40|references=(entity=(entity_id=figur_0001|fullname=Amtsrichter Weishaupt|gender=m)|specialcase_reference=figurative))
544	544	!	
545	545	Ich	(mention_id=41|references=(entity=(entity_id=figur_0007|fullname=Franz Linden|gender=m)))
546	546	werde	
547	547	Frankfurt	
548	548	nie	
549	549	vergessen	
550	550	,	
551	551	aber	
552	552	auch	
553	553	nicht	
554	554	allzusehr	
555	555	vermissen	
556	556	–	
557	557	hoffe	
558	558	ich	(mention_id=42|references=(entity=(entity_id=figur_0007|fullname=Franz Linden|gender=m)))
559	559	.	
560	560	«	
561	561	»	
562	562	Na	
563	563	,	
564	564	Gott	
565	565	bewahre	
566	566	!	
567	567	«	
568	568	scherzte	
569	569	der	
570	570	Kleine	(mention_id=43|references=(entity=(entity_id=figur_0001|fullname=Amtsrichter Weishaupt|gender=m)))
571	571	,	
572	572	noch	
573	573	immer	
574	574	mit	
575	575	dem	
576	576	leeren	
577	577	Weinglase	
578	578	spielend	
579	579	,	
580	580	»	
581	581	du	(mention_id=44|references=(entity=(entity_id=figur_0007|fullname=Franz Linden|gender=m)))
582	582	willst	
583	583	mir	(mention_id=45|references=(entity=(entity_id=figur_0001|fullname=Amtsrichter Weishaupt|gender=m)))
584	584	doch	
585	585	nicht	
586	586	weismachen	
587	587	–	
588	588	«	
589	589	Aber	
590	590	Linden	(mention_id=46|references=(entity=(entity_id=figur_0007|fullname=Franz Linden|gender=m)))
591	591	unterbrach	
592	592	ihn	(mention_id=47|references=(entity=(entity_id=figur_0001|fullname=Amtsrichter Weishaupt|gender=m)))
593	593	:	
594	594	»	
595	595	Ich	(mention_id=48|references=(entity=(entity_id=figur_0007|fullname=Franz Linden|gender=m)))
596	596	will	
597	597	dir	(mention_id=49|references=(entity=(entity_id=figur_0001|fullname=Amtsrichter Weishaupt|gender=m)))
598	598	gar	
599	599	nichts	
600	600	weismachen	
601	601	,	
602	602	ich	(mention_id=50|references=(entity=(entity_id=figur_0007|fullname=Franz Linden|gender=m)))
603	603	will	
604	604	versuchen	
605	605	,	
606	606	ein	
607	607	Landwirt	(mention_id=51|references=(entity=(entity_id=figur_0007|fullname=Franz Linden|gender=m)))
608	608	zu	
609	609	werden	
610	610	,	
611	611	und	
612	612	ich	(mention_id=52|references=(entity=(entity_id=figur_0007|fullname=Franz Linden|gender=m)))
613	613	will	
614	614	dies	
615	615	nicht	
616	616	nur	
617	617	,	
618	618	weil	
619	619	ich	(mention_id=53|references=(entity=(entity_id=figur_0007|fullname=Franz Linden|gender=m)))
620	620	muß	
621	621	,	
622	622	Richard	(mention_id=54|references=(entity=(entity_id=figur_0001|fullname=Amtsrichter Weishaupt|gender=m)))
623	623	–	
624	624	mir	(mention_id=55|references=(entity=(entity_id=figur_0007|fullname=Franz Linden|gender=m)))
625	625	ist	
626	626	wirklich	
627	627	in	
628	628	dem	
629	629	alten	
630	630	Neste	
631	631	ganz	
632	632	behaglich	
633	633	;	
634	634	ergo	
635	635	höre	
636	636	auf	
637	637	,	
638	638	mein	(mention_id=56|references=(entity=(entity_id=figur_0007|fullname=Franz Linden|gender=m)))
639	639	Alterchen	(mention_id=57|references=(entity=(entity_id=figur_0001|fullname=Amtsrichter Weishaupt|gender=m)))
640	640	.	
641	641	«	
642	642	»	
643	643	Na	
644	644	,	
645	645	Glück	
646	646	zu	
647	647	!	
648	648	«	
649	649	erwiderte	
650	650	der	
651	651	andere	(mention_id=58|references=(entity=(entity_id=figur_0001|fullname=Amtsrichter Weishaupt|gender=m)))
652	652	,	
653	653	neben	
654	654	den	
655	655	Freund	(mention_id=59|references=(entity=(entity_id=figur_0007|fullname=Franz Linden|gender=m)))
656	656	tretend	
657	657	und	
658	658	fast	
659	659	zärtlich	
660	660	in	
661	661	das	
662	662	hübsche	
663	663	Männergesicht	(mention_id=60|references=(entity=(entity_id=figur_0007|fullname=Franz Linden|gender=m)|specialcase_reference=part))
664	664	schauend	
665	665	.	
666	666	»	
667	667	Ich	(mention_id=61|references=(entity=(entity_id=figur_0001|fullname=Amtsrichter Weishaupt|gender=m)))
668	668	habe	
669	669	ja	
670	670	im	
671	671	allgemeinen	
672	672	nichts	
673	673	einzuwenden	
674	674	gegen	
675	675	dieses	
676	676	Gutsbesitzerspiel	
677	677	,	
678	678	wenn	
679	679	ich	(mention_id=62|references=(entity=(entity_id=figur_0001|fullname=Amtsrichter Weishaupt|gender=m)))
680	680	nur	
681	681	wüßte	
682	682	wie	
683	683	und	
684	684	wo	
685	685	–	
686	686	.	
687	687	Siehst	
688	688	du	(mention_id=63|references=(entity=(entity_id=figur_0007|fullname=Franz Linden|gender=m)))
689	689	,	
690	690	Franz	(mention_id=64|references=(entity=(entity_id=figur_0007|fullname=Franz Linden|gender=m)))
691	691	,	
692	692	wäre	
693	693	ich	(mention_id=65|references=(entity=(entity_id=figur_0001|fullname=Amtsrichter Weishaupt|gender=m)))
694	694	nicht	
695	695	solch	
696	696	ein	
697	697	armer	
698	698	Schlucker	(mention_id=66|references=(entity=(entity_id=figur_0001|fullname=Amtsrichter Weishaupt|gender=m)))
699	699	,	
700	700	ich	(mention_id=67|references=(entity=(entity_id=figur_0001|fullname=Amtsrichter Weishaupt|gender=m)))
701	701	sagte	
702	702	dir	(mention_id=68|references=(entity=(entity_id=figur_0007|fullname=Franz Linden|gender=m)))
703	703	sofort	
704	704	,	
705	705	›	
706	706	hier	
707	707	,	
708	708	mein	(mention_id=69|references=(entity=(entity_id=figur_0001|fullname=Amtsrichter Weishaupt|gender=m)))
709	709	Junge	(mention_id=70|references=(entity=(entity_id=figur_0007|fullname=Franz Linden|gender=m)))
710	710	,	
711	711	hast	
712	712	du	(mention_id=71|references=(entity=(entity_id=figur_0007|fullname=Franz Linden|gender=m)))
713	713	ein	
714	714	Kapital	
715	715	von	
716	716	soundsoviel	
717	717	.	
718	718	Nun	
719	719	fange	
720	720	einmal	
721	721	an	
722	722	,	
723	723	das	
724	724	veraltete	
725	725	lotterige	
726	726	Ding	
727	727	in	
728	728	Zug	
729	729	zu	
730	730	bringen	
731	731	‹	
732	732	.	
733	733	–	
734	734	So	
735	735	,	
736	736	wie	
737	737	es	
738	738	jetzt	
739	739	ist	
740	740	,	
741	741	kann's	
742	742	nicht	
743	743	bleiben	
744	744	.	
745	745	Aber	
746	746	–	
747	747	na	
748	748	,	
749	749	du	(mention_id=72|references=(entity=(entity_id=figur_0007|fullname=Franz Linden|gender=m)))
750	750	weißt	
751	751	«	
752	752	,	
753	753	schloß	
754	754	er	(mention_id=73|references=(entity=(entity_id=figur_0001|fullname=Amtsrichter Weishaupt|gender=m)))
755	755	mit	
756	756	einem	
757	757	Seufzer	
758	758	.	
759	759	Franz	(mention_id=74|references=(entity=(entity_id=figur_0007|fullname=Franz Linden|gender=m)))
760	760	Linden	(mention_id=74|references=(entity=(entity_id=figur_0007|fullname=Franz Linden|gender=m)))
761	761	hatte	
762	762	abermals	
763	763	keine	
764	764	Antwort	
765	765	,	
766	766	aber	
767	767	er	(mention_id=75|references=(entity=(entity_id=figur_0007|fullname=Franz Linden|gender=m)))
768	768	pfiff	
769	769	leise	
770	770	eine	
771	771	lustige	
772	772	Melodie	
773	773	,	
774	774	wie	
775	775	er	(mention_id=76|references=(entity=(entity_id=figur_0007|fullname=Franz Linden|gender=m)))
776	776	immer	
777	777	tat	
778	778	,	
779	779	wenn	
780	780	er	(mention_id=77|references=(entity=(entity_id=figur_0007|fullname=Franz Linden|gender=m)))
781	781	unangenehme	
782	782	Gedanken	
783	783	verscheuchen	
784	784	wollte	
785	785	.	
786	786	»	
787	787	Ja	
788	788	,	
789	789	pfeife	
790	790	nur	
791	791	«	
792	792	,	
793	793	murmelte	
794	794	der	
795	795	Kleine	(mention_id=78|references=(entity=(entity_id=figur_0001|fullname=Amtsrichter Weishaupt|gender=m)))
796	796	,	
797	797	»	
798	798	es	
799	799	wird	
800	800	die	
801	801	einzige	
802	802	Musik	
803	803	sein	
804	804	,	
805	805	die	
806	806	du	(mention_id=79|references=(entity=(entity_id=figur_0007|fullname=Franz Linden|gender=m)))
807	807	hier	
808	808	zu	
809	809	hören	
810	810	bekommst	
811	811	–	
812	812	oder	
813	813	etwa	
814	814	noch	
815	815	eine	
816	816	knarrende	
817	817	Stubentür	
818	818	oder	
819	819	das	
820	820	Konzert	
821	821	einer	
822	822	höchst	
823	823	respektablen	
824	824	Mäusefamilie	
825	825	,	
826	826	die	
827	827	sich	
828	828	in	
829	829	deinem	(mention_id=80|references=(entity=(entity_id=figur_0007|fullname=Franz Linden|gender=m)))
830	830	Zimmer	
831	831	angesiedelt	
832	832	hat	
833	833	.	
834	834	Brr	
835	835	–	
836	836	Franz	(mention_id=81|references=(entity=(entity_id=figur_0007|fullname=Franz Linden|gender=m)))
837	837	!	
838	838	Jetzt	
839	839	denke	
840	840	dir	(mention_id=82|references=(entity=(entity_id=figur_0007|fullname=Franz Linden|gender=m)))
841	841	dieses	
842	842	einsame	
843	843	Nest	
844	844	im	
845	845	Winter	
846	846	–	
847	847	auf	
848	848	den	
849	849	Bergen	
850	850	Schnee	
851	851	,	
852	852	auf	
853	853	der	
854	854	Straße	
855	855	Schnee	
856	856	,	
857	857	im	
858	858	Garten	
859	859	Schnee	
860	860	und	
861	861	in	
862	862	der	
863	863	Luft	
864	864	weißes	
865	865	Gewimmel	
866	866	–	
867	867	Herr	
868	868	Gott	
869	869	,	
870	870	was	
871	871	willst	
872	872	du	(mention_id=83|references=(entity=(entity_id=figur_0007|fullname=Franz Linden|gender=m)))
873	873	die	
874	874	langen	
875	875	Abende	
876	876	hindurch	
877	877	beginnen	
878	878	,	
879	879	an	
880	880	denen	
881	881	wir	(mention_id=84|references=(entity=(entity_id=figur_0001|fullname=Amtsrichter Weishaupt|gender=m)),(entity=(entity_id=figur_0007|fullname=Franz Linden|gender=m)))
882	882	sonst	
883	883	im	
884	884	Taunus	
885	885	,	
886	886	auf	
887	887	der	
888	888	Bockenheimer	
889	889	Gasse	
890	890	saßen	
891	891	oder	
892	892	im	
893	893	Theater	
894	894	?	
895	895	Wer	
896	896	soll	
897	897	hier	
898	898	Skat	
899	899	mit	
900	900	dir	(mention_id=85|references=(entity=(entity_id=figur_0007|fullname=Franz Linden|gender=m)))
901	901	spielen	
902	902	?	
903	903	Für	
904	904	wen	
905	905	willst	
906	906	du	(mention_id=86|references=(entity=(entity_id=figur_0007|fullname=Franz Linden|gender=m)))
907	907	deine	(mention_id=87|references=(entity=(entity_id=figur_0007|fullname=Franz Linden|gender=m)))
908	908	vielbewunderten	
909	909	Gedichte	
910	910	machen	
911	911	?	
912	912	In	
913	913	der	
914	914	Dorfschenke	
915	915	werden	
916	916	sie	
917	917	sicher	
918	918	nicht	
919	919	verstanden	
920	920	.	
921	921	–	
922	922	Ach	
923	923	,	
924	924	wenn	
925	925	ich	(mention_id=88|references=(entity=(entity_id=figur_0001|fullname=Amtsrichter Weishaupt|gender=m)))
926	926	dich	(mention_id=89|references=(entity=(entity_id=figur_0007|fullname=Franz Linden|gender=m)))
927	927	so	
928	928	ansehe	
929	929	,	
930	930	du	(mention_id=90|references=(entity=(entity_id=figur_0007|fullname=Franz Linden|gender=m)))
931	931	hier	
932	932	allein	
933	933	,	
934	934	versauernd	
935	935	und	
936	936	Sorgen	
937	937	dazu	
938	938	!	
939	939	«	
940	940	Er	(mention_id=91|references=(entity=(entity_id=figur_0001|fullname=Amtsrichter Weishaupt|gender=m)))
941	941	seufzte	
942	942	.	
943	943	»	
944	944	Ich	(mention_id=92|references=(entity=(entity_id=figur_0001|fullname=Amtsrichter Weishaupt|gender=m)))
945	945	will	
946	946	dir	(mention_id=93|references=(entity=(entity_id=figur_0007|fullname=Franz Linden|gender=m)))
947	947	etwas	
948	948	sagen	
949	949	,	
950	950	Franz	(mention_id=94|references=(entity=(entity_id=figur_0007|fullname=Franz Linden|gender=m)))
951	951	,	
952	952	Scherz	
953	953	in	
954	954	die	
955	955	Ecke	
956	956	«	
957	957	,	
958	958	fuhr	
959	959	er	(mention_id=95|references=(entity=(entity_id=figur_0001|fullname=Amtsrichter Weishaupt|gender=m)))
960	960	fort	
961	961	,	
962	962	»	
963	963	du	(mention_id=96|references=(entity=(entity_id=figur_0007|fullname=Franz Linden|gender=m)))
964	964	wirst	
965	965	heiraten	
966	966	müssen	
967	967	!	
968	968	Und	
969	969	da	
970	970	gebe	
971	971	ich	(mention_id=97|references=(entity=(entity_id=figur_0001|fullname=Amtsrichter Weishaupt|gender=m)))
972	972	dir	(mention_id=98|references=(entity=(entity_id=figur_0007|fullname=Franz Linden|gender=m)))
973	973	den	
974	974	Rat	
975	975	,	
976	976	tue	
977	977	bei	
978	978	dieser	
979	979	Angelegenheit	
980	980	deinen	(mention_id=99|references=(entity=(entity_id=figur_0007|fullname=Franz Linden|gender=m)))
981	981	Idealen	
982	982	ein	
983	983	wenig	
984	984	Zwang	
985	985	an	
986	986	.	
987	987	Sieh	
988	988	ab	
989	989	von	
990	990	elfengleichem	
991	991	Wuchs	
992	992	,	
993	993	sinnigen	
994	994	Augen	
995	995	und	
996	996	holdester	
997	997	Weiblichkeit	
998	998	–	
999	999	zugunsten	
1000	1000	eines	
1001	1001	anderen	
1002	1002	Vorzuges	
1003	1003	,	
1004	1004	der	
1005	1005	durch	
1006	1006	nichts	
1007	1007	zu	
1008	1008	ersetzen	
1009	1009	ist	
1010	1010	in	
1011	1011	unserem	(mention_id=100|references=(entity=(entity_id=figur_0001|fullname=Amtsrichter Weishaupt|gender=m)),(entity=(entity_id=figur_0007|fullname=Franz Linden|gender=m)))
1012	1012	prosaischen	
1013	1013	Leben	
1014	1014	.	
1015	1015	Bringe	
1016	1016	mir	(mention_id=101|references=(entity=(entity_id=figur_0001|fullname=Amtsrichter Weishaupt|gender=m)))
1017	1017	kein	
1018	1018	armes	
1019	1019	Mädchen	(mention_id=102|references=(entity=(entity_id=generic_0001|fullname=arme Zukünftige|gender=u|specialcase_entity=generic)))
1020	1020	,	
1021	1021	Franz	(mention_id=103|references=(entity=(entity_id=figur_0007|fullname=Franz Linden|gender=m)))
1022	1022	,	
1023	1023	und	
1024	1024	wäre	
1025	1025	sie	(mention_id=104|references=(entity=(entity_id=generic_0002|fullname=arme Zukünftige|gender=u|specialcase_entity=generic)))
1026	1026	die	
1027	1027	Perle	(mention_id=105|references=(entity=(entity_id=generic_0003|fullname=arme Zukünftige|gender=u|specialcase_entity=generic)))
1028	1028	aller	
1029	1029	Weltteile	
1030	1030	.	
1031	1031	In	
1032	1032	deiner	(mention_id=106|references=(entity=(entity_id=figur_0007|fullname=Franz Linden|gender=m)))
1033	1033	Lage	
1034	1034	würde	
1035	1035	es	
1036	1036	einfach	
1037	1037	Torheit	
1038	1038	sein	
1039	1039	,	
1040	1040	eine	
1041	1041	Sünde	
1042	1042	an	
1043	1043	dir	(mention_id=107|references=(entity=(entity_id=figur_0007|fullname=Franz Linden|gender=m)))
1044	1044	und	
1045	1045	allen	
1046	1046	deinen	(mention_id=108|references=(entity=(entity_id=figur_0007|fullname=Franz Linden|gender=m)))
1047	1047	Nachkommen	(mention_id=109|references=(entity=(entity_id=figur_0015|fullname=Nachkommen des Franz Linden|gender=u|specialcase_entity=group,nonfact)))
1048	1048	.	
1049	1049	–	
1050	1050	Es	
1051	1051	schadet	
1052	1052	rein	
1053	1053	gar	
1054	1054	nichts	
1055	1055	,	
1056	1056	wenn	
1057	1057	deine	(mention_id=110|references=(entity=(entity_id=figur_0007|fullname=Franz Linden|gender=m)))
1058	1058	hübschen	
1059	1059	Reime	
1060	1060	nicht	
1061	1061	auf	
1062	1062	sie	(mention_id=111|references=(entity=(entity_id=figur_0020|fullname=Zukünfige|gender=f|specialcase_entity=nonfact)))
1063	1063	passen	
1064	1064	–	
1065	1065	du	(mention_id=112|references=(entity=(entity_id=figur_0007|fullname=Franz Linden|gender=m)))
1066	1066	wirst	
1067	1067	auch	
1068	1068	die	
1069	1069	Schönste	(mention_id=113|references=(entity=(entity_id=figur_0022|fullname=die Schönste Zukünftige|gender=f|specialcase_entity=generic,nonfact)))
1070	1070	nicht	
1071	1071	ewig	
1072	1072	andichten	
1073	1073	.	
1074	1074	–	
1075	1075	Jammervoll	
1076	1076	!	
1077	1077	«	
1078	1078	Er	(mention_id=114|references=(entity=(entity_id=figur_0001|fullname=Amtsrichter Weishaupt|gender=m)))
1079	1079	stiebte	
1080	1080	die	
1081	1081	Asche	
1082	1082	seiner	(mention_id=115|references=(entity=(entity_id=figur_0001|fullname=Amtsrichter Weishaupt|gender=m)))
1083	1083	Zigarre	
1084	1084	ab	
1085	1085	.	
1086	1086	»	
1087	1087	In	
1088	1088	Frankfurt	
1089	1089	–	
1090	1090	hättest	
1091	1091	du	(mention_id=116|references=(entity=(entity_id=figur_0007|fullname=Franz Linden|gender=m)))
1092	1092	ernstlich	
1093	1093	gewollt	
1094	1094	–	
1095	1095	war	
1096	1096	was	
1097	1097	zu	
1098	1098	machen	
1099	1099	.	
1100	1100	Aber	
1101	1101	du	(mention_id=117|references=(entity=(entity_id=figur_0007|fullname=Franz Linden|gender=m)))
1102	1102	hast	
1103	1103	dich	(mention_id=118|references=(entity=(entity_id=figur_0007|fullname=Franz Linden|gender=m)))
1104	1104	von	
1105	1105	den	
1106	1106	koketten	
1107	1107	Augen	
1108	1108	der	
1109	1109	kleinen	
1110	1110	Thea	(mention_id=119|references=(entity=(entity_id=figur_0019|fullname=Thea|gender=f)))
1111	1111	völlig	
1112	1112	blenden	
1113	1113	lassen	
1114	1114	.	
1115	1115	Wie	
1116	1116	oft	
1117	1117	habe	
1118	1118	ich	(mention_id=120|references=(entity=(entity_id=figur_0001|fullname=Amtsrichter Weishaupt|gender=m)))
1119	1119	mich	(mention_id=121|references=(entity=(entity_id=figur_0001|fullname=Amtsrichter Weishaupt|gender=m)))
1120	1120	damals	
1121	1121	geärgert	
1122	1122	!	
1123	1123	–	
1124	1124	Wenn	
1125	1125	der	
1126	1126	Mensch	(mention_id=122|references=(entity=(entity_id=generic_0004|fullname=Mensch über 25|gender=u|specialcase_entity=generic)),(entity=(entity_id=figur_0007|fullname=Franz Linden|gender=m)))
1127	1127	über	
1128	1128	die	
1129	1129	Fünfundzwanzig	
1130	1130	hinaus	
1131	1131	ist	
1132	1132	,	
1133	1133	sollte	
1134	1134	er	(mention_id=123|references=(entity=(entity_id=generic_0005|fullname=Mensch über 25|gender=u|specialcase_entity=generic)),(entity=(entity_id=figur_0007|fullname=Franz Linden|gender=m)))
1135	1135	wahrhaftig	
1136	1136	vernünftiger	
1137	1137	werden	
1138	1138	!	
1139	1139	«	
1140	1140	Franz	(mention_id=124|references=(entity=(entity_id=figur_0007|fullname=Franz Linden|gender=m)))
1141	1141	Linden	(mention_id=124|references=(entity=(entity_id=figur_0007|fullname=Franz Linden|gender=m)))
1142	1142	schwieg	
1143	1143	beharrlich	
1144	1144	,	
1145	1145	und	
1146	1146	der	
1147	1147	Kleine	(mention_id=125|references=(entity=(entity_id=figur_0001|fullname=Amtsrichter Weishaupt|gender=m)))
1148	1148	wußte	
1149	1149	sofort	
1150	1150	,	
1151	1151	daß	
1152	1152	er	(mention_id=126|references=(entity=(entity_id=figur_0001|fullname=Amtsrichter Weishaupt|gender=m)))
1153	1153	,	
1154	1154	wie	
1155	1155	er	(mention_id=127|references=(entity=(entity_id=figur_0001|fullname=Amtsrichter Weishaupt|gender=m)))
1156	1156	sich	(mention_id=128|references=(entity=(entity_id=figur_0001|fullname=Amtsrichter Weishaupt|gender=m)))
1157	1157	auszudrücken	
1158	1158	pflegte	
1159	1159	,	
1160	1160	in	
1161	1161	den	
1162	1162	Fettopf	
1163	1163	getreten	
1164	1164	hatte	
1165	1165	.	
1166	1166	»	
1167	1167	Na	
1168	1168	,	
1169	1169	Franz	(mention_id=129|references=(entity=(entity_id=figur_0007|fullname=Franz Linden|gender=m)))
1170	1170	,	
1171	1171	laß	
1172	1172	gut	
1173	1173	sein	
1174	1174	«	
1175	1175	,	
1176	1176	scherzte	
1177	1177	er	(mention_id=130|references=(entity=(entity_id=figur_0001|fullname=Amtsrichter Weishaupt|gender=m)))
1178	1178	,	
1179	1179	»	
1180	1180	hier	
1181	1181	gibt's	
1182	1182	vielleicht	
1183	1183	auch	
1184	1184	reiche	
1185	1185	Mädchen	(mention_id=131|references=(entity=(entity_id=generic_0006|fullname=reiche Mädchen|gender=u|specialcase_entity=generic)))
1186	1186	.	
1187	1187	«	
1188	1188	»	
1189	1189	Ei	
1190	1190	gewiß	
1191	1191	,	
1192	1192	mein	(mention_id=132|references=(entity=(entity_id=figur_0012|fullname=Herr Wolff|gender=m)))
1193	1193	Herr	(mention_id=133|references=(entity=(entity_id=figur_0007|fullname=Franz Linden|gender=m)))
1194	1194	,	
1195	1195	ei	
1196	1196	gewiß	
1197	1197	«	
1198	1198	,	
1199	1199	klang	
1200	1200	es	
1201	1201	hinter	
1202	1202	ihnen	(mention_id=134|references=(entity=(entity_id=figur_0001|fullname=Amtsrichter Weishaupt|gender=m)),(entity=(entity_id=figur_0007|fullname=Franz Linden|gender=m)))
1203	1203	,	
1204	1204	»	
1205	1205	reiche	
1206	1206	Mädchen	(mention_id=135|references=(entity=(entity_id=generic_0007|fullname=reiche Mädchen|gender=u|specialcase_entity=generic)))
1207	1207	und	
1208	1208	hübsche	
1209	1209	Mädchen	(mention_id=136|references=(entity=(entity_id=figur_0023|fullname=hübsche Mädchen|gender=f|specialcase_entity=generic,group)))
1210	1210	.	
1211	1211	Unsere	(mention_id=137|references=(entity=(entity_id=figur_0012|fullname=Herr Wolff|gender=m)))
1212	1212	alte	
1213	1213	Stadt	
1214	1214	ist	
1215	1215	von	
1216	1216	jeher	
1217	1217	dafür	
1218	1218	berühmt	
1219	1219	gewesen	
1220	1220	.	
1221	1221	«	
1222	1222	Beide	
1223	1223	Herren	(mention_id=138|references=(entity=(entity_id=figur_0001|fullname=Amtsrichter Weishaupt|gender=m)),(entity=(entity_id=figur_0007|fullname=Franz Linden|gender=m)))
1224	1224	wandten	
1225	1225	sich	(mention_id=139|references=(entity=(entity_id=figur_0001|fullname=Amtsrichter Weishaupt|gender=m)),(entity=(entity_id=figur_0007|fullname=Franz Linden|gender=m)))
1226	1226	nach	
1227	1227	dem	
1228	1228	Sprecher	(mention_id=140|references=(entity=(entity_id=figur_0012|fullname=Herr Wolff|gender=m)))
1229	1229	um	
1230	1230	;	
1231	1231	der	
1232	1232	Amtsrichter	(mention_id=141|references=(entity=(entity_id=figur_0001|fullname=Amtsrichter Weishaupt|gender=m)))
1233	1233	nur	
1234	1234	,	
1235	1235	um	
1236	1236	mit	
1237	1237	einem	
1238	1238	ärgerlichen	
1239	1239	Achselzucken	
1240	1240	sofort	
1241	1241	wieder	
1242	1242	in	
1243	1243	die	
1244	1244	Gegend	
1245	1245	hinauszuschauen	
1246	1246	,	
1247	1247	Franz	(mention_id=142|references=(entity=(entity_id=figur_0007|fullname=Franz Linden|gender=m)))
1248	1248	Linden	(mention_id=142|references=(entity=(entity_id=figur_0007|fullname=Franz Linden|gender=m)))
1249	1249	,	
1250	1250	um	
1251	1251	ihn	(mention_id=143|references=(entity=(entity_id=figur_0012|fullname=Herr Wolff|gender=m)))
1252	1252	höflich	
1253	1253	zu	
1254	1254	begrüßen	
1255	1255	.	
1256	1256	»	
1257	1257	Ich	(mention_id=144|references=(entity=(entity_id=figur_0012|fullname=Herr Wolff|gender=m)))
1258	1258	bringe	
1259	1259	die	
1260	1260	gewünschten	
1261	1261	Notizen	
1262	1262	«	
1263	1263	,	
1264	1264	fuhr	
1265	1265	der	
1266	1266	Eingetretene	(mention_id=145|references=(entity=(entity_id=figur_0012|fullname=Herr Wolff|gender=m)))
1267	1267	fort	
1268	1268	,	
1269	1269	ein	
1270	1270	kleiner	
1271	1271	Mann	(mention_id=146|references=(entity=(entity_id=figur_0012|fullname=Herr Wolff|gender=m)))
1272	1272	in	
1273	1273	den	
1274	1274	fünfziger	
1275	1275	Jahren	
1276	1276	,	
1277	1277	mit	
1278	1278	einem	
1279	1279	unglaublich	
1280	1280	schmalen	
1281	1281	spitzen	
1282	1282	Gesicht	
1283	1283	,	
1284	1284	auf	
1285	1285	dem	
1286	1286	ein	
1287	1287	süßes	
1288	1288	Lächeln	
1289	1289	spielte	
1290	1290	,	
1291	1291	devot	
1292	1292	in	
1293	1293	jeder	
1294	1294	Miene	
1295	1295	,	
1296	1296	jeder	
1297	1297	Bewegung	
1298	1298	.	
1299	1299	»	
1300	1300	Ich	(mention_id=147|references=(entity=(entity_id=figur_0007|fullname=Franz Linden|gender=m)))
1301	1301	danke	
1302	1302	sehr	
1303	1303	,	
1304	1304	Herr	(mention_id=148|references=(entity=(entity_id=figur_0012|fullname=Herr Wolff|gender=m)))
1305	1305	Wolff	(mention_id=148|references=(entity=(entity_id=figur_0012|fullname=Herr Wolff|gender=m)))
1306	1306	«	
1307	1307	,	
1308	1308	sagte	
1309	1309	Franz	(mention_id=149|references=(entity=(entity_id=figur_0007|fullname=Franz Linden|gender=m)))
1310	1310	Linden	(mention_id=149|references=(entity=(entity_id=figur_0007|fullname=Franz Linden|gender=m)))
1311	1311	und	
1312	1312	nahm	
1313	1313	die	
1314	1314	Papiere	
1315	1315	.	
1316	1316	»	
1317	1317	Wenn	
1318	1318	ich	(mention_id=150|references=(entity=(entity_id=figur_0012|fullname=Herr Wolff|gender=m)))
1319	1319	sonst	
1320	1320	noch	
1321	1321	dienen	
1322	1322	kann	
1323	1323	–	
1324	1324	–	
1325	1325	Fräulein	(mention_id=151|references=(entity=(entity_id=figur_0018|fullname=Tante des Franz Linden|gender=f)))
1326	1326	Rosalie	(mention_id=151|references=(entity=(entity_id=figur_0018|fullname=Tante des Franz Linden|gender=f)))
1327	1327	wird	
1328	1328	bezeugen	
1329	1329	,	
1330	1330	daß	
1331	1331	ich	(mention_id=152|references=(entity=(entity_id=figur_0012|fullname=Herr Wolff|gender=m)))
1332	1332	dem	
1333	1333	verstorbenen	
1334	1334	Herrn	(mention_id=153|references=(entity=(entity_id=figur_0016|fullname=Onkel des Franz Linden|gender=m)))
1335	1335	Onkel	(mention_id=153|references=(entity=(entity_id=figur_0016|fullname=Onkel des Franz Linden|gender=m)))
1336	1336	stets	
1337	1337	ein	
1338	1338	dienstwilliger	
1339	1339	Freund	(mention_id=154|references=(entity=(entity_id=figur_0012|fullname=Herr Wolff|gender=m)))
1340	1340	gewesen	
1341	1341	–	
1342	1342	«	
1343	1343	»	
1344	1344	Ich	(mention_id=155|references=(entity=(entity_id=figur_0007|fullname=Franz Linden|gender=m)))
1345	1345	bin	
1346	1346	völlig	
1347	1347	fremd	
1348	1348	hier	
1349	1349	«	
1350	1350	,	
1351	1351	erwiderte	
1352	1352	der	
1353	1353	junge	
1354	1354	Hausherr	(mention_id=156|references=(entity=(entity_id=figur_0007|fullname=Franz Linden|gender=m)))
1355	1355	,	
1356	1356	»	
1357	1357	es	
1358	1358	kann	
1359	1359	wohl	
1360	1360	sein	
1361	1361	,	
1362	1362	daß	
1363	1363	ich	(mention_id=157|references=(entity=(entity_id=figur_0007|fullname=Franz Linden|gender=m)))
1364	1364	Ihrer	(mention_id=158|references=(entity=(entity_id=figur_0012|fullname=Herr Wolff|gender=m)))
1365	1365	Hilfe	
1366	1366	bedarf	
1367	1367	.	
1368	1368	«	
1369	1369	»	
1370	1370	Größte	
1371	1371	Ehre	
1372	1372	,	
1373	1373	Herr	(mention_id=159|references=(entity=(entity_id=figur_0007|fullname=Franz Linden|gender=m)))
1374	1374	Linden	(mention_id=159|references=(entity=(entity_id=figur_0007|fullname=Franz Linden|gender=m)))
1375	1375	!	
1376	1376	Ja	
1377	1377	,	
1378	1378	und	
1379	1379	wie	
1380	1380	gesagt	
1381	1381	,	
1382	1382	sollten	
1383	1383	Sie	(mention_id=160|references=(entity=(entity_id=figur_0007|fullname=Franz Linden|gender=m)))
1384	1384	in	
1385	1385	der	
1386	1386	Stadt	
1387	1387	Bekanntschaften	
1388	1388	suchen	
1389	1389	–	
1390	1390	da	
1391	1391	sind	
1392	1392	die	
1393	1393	Tubmanns	(mention_id=161|references=(entity=(entity_id=figur_0006|fullname=Familie Tubmann|gender=u|specialcase_entity=group)))
1394	1394	,	
1395	1395	die	
1396	1396	Schenks	(mention_id=162|references=(entity=(entity_id=figur_0005|fullname=Familie Schenk|gender=u|specialcase_entity=group)))
1397	1397	,	
1398	1398	die	
1399	1399	Meiers	(mention_id=163|references=(entity=(entity_id=figur_0004|fullname=Familie Meier|gender=u|specialcase_entity=group)))
1400	1400	und	
1401	1401	Hellborns	(mention_id=164|references=(entity=(entity_id=figur_0003|fullname=Familie Hellborn|gender=u|specialcase_entity=group)))
1402	1402	,	
1403	1403	und	
1404	1404	vor	
1405	1405	allem	
1406	1406	die	
1407	1407	Baumhagens	(mention_id=165|references=(entity=(entity_id=figur_0002|fullname=Familie Baumhagen|gender=u)))
1408	1408	.	
1409	1409	Reiche	
1410	1410	und	
1411	1411	angenehme	
1412	1412	Häuser	
1413	1413	,	
1414	1414	Herr	(mention_id=166|references=(entity=(entity_id=figur_0007|fullname=Franz Linden|gender=m)))
1415	1415	Linden	(mention_id=166|references=(entity=(entity_id=figur_0007|fullname=Franz Linden|gender=m)))
1416	1416	–	
1417	1417	werden	
1418	1418	mit	
1419	1419	offenen	
1420	1420	Armen	
1421	1421	aufgenommen	
1422	1422	,	
1423	1423	ist	
1424	1424	immer	
1425	1425	Mangel	
1426	1426	an	
1427	1427	liebenswürdigen	
1428	1428	Kavalieren	(mention_id=167|references=(entity=(entity_id=generic_0008|fullname=Kavaliere|gender=u|specialcase_entity=generic)),(entity=(entity_id=figur_0007|fullname=Franz Linden|gender=m)))
1429	1429	in	
1430	1430	der	
1431	1431	kleinen	
1432	1432	Stadt	
1433	1433	.	
1434	1434	Die	
1435	1435	Herren	(mention_id=168|references=(entity=(entity_id=generic_0009|fullname=Kavaliere|gender=u|specialcase_entity=generic)))
1436	1436	von	(mention_id=168|references=(entity=(entity_id=generic_0009|fullname=Kavaliere|gender=u|specialcase_entity=generic)))
1437	1437	der	(mention_id=168|references=(entity=(entity_id=generic_0009|fullname=Kavaliere|gender=u|specialcase_entity=generic)))
1438	1438	Kavallerie	(mention_id=168|references=(entity=(entity_id=generic_0009|fullname=Kavaliere|gender=u|specialcase_entity=generic)))
1439	1439	–	
1440	1440	Sie	(mention_id=169|references=(entity=(entity_id=figur_0007|fullname=Franz Linden|gender=m)))
1441	1441	wissen	
1442	1442	schon	
1443	1443	–	
1444	1444	ein	
1445	1445	wenig	
1446	1446	oben	
1447	1447	hinaus	
1448	1448	,	
1449	1449	wollen	
1450	1450	sich	(mention_id=170|references=(entity=(entity_id=generic_0010|fullname=Kavaliere|gender=u|specialcase_entity=generic)))
1451	1451	lediglich	
1452	1452	amüsieren	
1453	1453	;	
1454	1454	–	
1455	1455	–	
1456	1456	ich	(mention_id=171|references=(entity=(entity_id=figur_0012|fullname=Herr Wolff|gender=m)))
1457	1457	bin	
1458	1458	gern	
1459	1459	erbötig	
1460	1460	,	
1461	1461	falls	
1462	1462	Sie	(mention_id=172|references=(entity=(entity_id=figur_0007|fullname=Franz Linden|gender=m)))
1463	1463	–	
1464	1464	–	
1465	1465	«	
1466	1466	Der	
1467	1467	Amtsrichter	(mention_id=173|references=(entity=(entity_id=figur_0001|fullname=Amtsrichter Weishaupt|gender=m)))
1468	1468	unterbrach	
1469	1469	ihn	(mention_id=174|references=(entity=(entity_id=figur_0012|fullname=Herr Wolff|gender=m)))
1470	1470	mit	
1471	1471	einem	
1472	1472	gewaltigen	
1473	1473	Räuspern	
1474	1474	.	
1475	1475	»	
1476	1476	Franz	(mention_id=175|references=(entity=(entity_id=figur_0007|fullname=Franz Linden|gender=m)))
1477	1477	«	
1478	1478	,	
1479	1479	sagte	
1480	1480	er	(mention_id=176|references=(entity=(entity_id=figur_0001|fullname=Amtsrichter Weishaupt|gender=m)))
1481	1481	trocken	
1482	1482	,	
1483	1483	»	
1484	1484	was	
1485	1485	ist	
1486	1486	das	
1487	1487	für	
1488	1488	ein	
1489	1489	Turm	
1490	1490	dort	
1491	1491	drüben	
1492	1492	auf	
1493	1493	dem	
1494	1494	Berge	
1495	1495	?	
1496	1496	Du	(mention_id=177|references=(entity=(entity_id=figur_0007|fullname=Franz Linden|gender=m)))
1497	1497	hast	
1498	1498	ja	
1499	1499	gestern	
1500	1500	die	
1501	1501	Generalstabskarte	
1502	1502	studiert	
1503	1503	.	
1504	1504	«	
1505	1505	»	
1506	1506	Die	
1507	1507	Hubertushöhe	
1508	1508	«	
1509	1509	,	
1510	1510	erwiderte	
1511	1511	der	
1512	1512	junge	
1513	1513	Mann	(mention_id=178|references=(entity=(entity_id=figur_0007|fullname=Franz Linden|gender=m)))
1514	1514	,	
1515	1515	zu	
1516	1516	ihm	(mention_id=179|references=(entity=(entity_id=figur_0001|fullname=Amtsrichter Weishaupt|gender=m)))
1517	1517	tretend	
1518	1518	.	
1519	1519	»	
1520	1520	Gehört	
1521	1521	dem	
1522	1522	Freiherrn	(mention_id=180|references=(entity=(entity_id=figur_0008|fullname=Freiherr von Lobersberg|gender=m)))
1523	1523	von	(mention_id=180|references=(entity=(entity_id=figur_0008|fullname=Freiherr von Lobersberg|gender=m)))
1524	1524	Lobersberg	(mention_id=180|references=(entity=(entity_id=figur_0008|fullname=Freiherr von Lobersberg|gender=m)))
1525	1525	«	
1526	1526	,	
1527	1527	mischte	
1528	1528	sich	(mention_id=181|references=(entity=(entity_id=figur_0012|fullname=Herr Wolff|gender=m)))
1529	1529	Herr	(mention_id=182|references=(entity=(entity_id=figur_0012|fullname=Herr Wolff|gender=m)))
1530	1530	Wolff	(mention_id=182|references=(entity=(entity_id=figur_0012|fullname=Herr Wolff|gender=m)))
1531	1531	ein	
1532	1532	.	
1533	1533	»	
1534	1534	Interessiert	
1535	1535	mich	(mention_id=183|references=(entity=(entity_id=figur_0001|fullname=Amtsrichter Weishaupt|gender=m)))
1536	1536	gar	
1537	1537	nicht	
1538	1538	«	
1539	1539	,	
1540	1540	murmelte	
1541	1541	der	
1542	1542	Amtsrichter	(mention_id=184|references=(entity=(entity_id=figur_0001|fullname=Amtsrichter Weishaupt|gender=m)))
1543	1543	und	
1544	1544	fixierte	
1545	1545	,	
1546	1546	in	
1547	1547	Ermangelung	
1548	1548	eines	
1549	1549	Fernrohres	
1550	1550	,	
1551	1551	den	
1552	1552	Turm	
1553	1553	durch	
1554	1554	die	
1555	1555	hohle	
1556	1556	Hand	
1557	1557	.	
1558	1558	»	
1559	1559	Ich	(mention_id=185|references=(entity=(entity_id=figur_0012|fullname=Herr Wolff|gender=m)))
1560	1560	habe	
1561	1561	die	
1562	1562	Ehre	
1563	1563	,	
1564	1564	mich	(mention_id=186|references=(entity=(entity_id=figur_0012|fullname=Herr Wolff|gender=m)))
1565	1565	zu	
1566	1566	empfehlen	
1567	1567	«	
1568	1568	,	
1569	1569	schnarrte	
1570	1570	Wolff	(mention_id=187|references=(entity=(entity_id=figur_0012|fullname=Herr Wolff|gender=m)))
1571	1571	,	
1572	1572	»	
1573	1573	muß	
1574	1574	noch	
1575	1575	hinüber	
1576	1576	nach	
1577	1577	Lobersberg	
1578	1578	.	
1579	1579	«	
1580	1580	Der	
1581	1581	Amtsrichter	(mention_id=188|references=(entity=(entity_id=figur_0001|fullname=Amtsrichter Weishaupt|gender=m)))
1582	1582	nickte	
1583	1583	kurz	
1584	1584	;	
1585	1585	Linden	(mention_id=189|references=(entity=(entity_id=figur_0007|fullname=Franz Linden|gender=m)))
1586	1586	begleitete	
1587	1587	den	
1588	1588	Agenten	(mention_id=190|references=(entity=(entity_id=figur_0012|fullname=Herr Wolff|gender=m)))
1589	1589	bis	
1590	1590	zur	
1591	1591	Tür	
1592	1592	und	
1593	1593	kam	
1594	1594	dann	
1595	1595	langsam	
1596	1596	zurück	
1597	1597	.	
1598	1598	»	
1599	1599	Nun	
1600	1600	erkläre	
1601	1601	mir	(mention_id=191|references=(entity=(entity_id=figur_0001|fullname=Amtsrichter Weishaupt|gender=m)))
1602	1602	,	
1603	1603	bitte	
1604	1604	«	
1605	1605	,	
1606	1606	fuhr	
1607	1607	der	
1608	1608	Freund	(mention_id=192|references=(entity=(entity_id=figur_0001|fullname=Amtsrichter Weishaupt|gender=m)))
1609	1609	auf	
1610	1610	ihn	(mention_id=193|references=(entity=(entity_id=figur_0007|fullname=Franz Linden|gender=m)))
1611	1611	los	
1612	1612	,	
1613	1613	»	
1614	1614	wie	
1615	1615	kommst	
1616	1616	du	(mention_id=194|references=(entity=(entity_id=figur_0007|fullname=Franz Linden|gender=m)))
1617	1617	zu	
1618	1618	diesem	
1619	1619	Menschen	(mention_id=195|references=(entity=(entity_id=figur_0012|fullname=Herr Wolff|gender=m)))
1620	1620	–	
1621	1621	was	
1622	1622	sage	
1623	1623	ich	(mention_id=196|references=(entity=(entity_id=figur_0001|fullname=Amtsrichter Weishaupt|gender=m)))
1624	1624	–	
1625	1625	zu	
1626	1626	dieser	
1627	1627	Ratte	(mention_id=197|references=(entity=(entity_id=figur_0012|fullname=Herr Wolff|gender=m)),(entity=(entity_id=figur_0012|fullname=Herr Wolff|gender=m)|specialcase_reference=figurative))
1628	1628	,	
1629	1629	die	(mention_id=198|references=(entity=(entity_id=figur_0012|fullname=Herr Wolff|gender=m)))
1630	1630	sich	(mention_id=199|references=(entity=(entity_id=figur_0012|fullname=Herr Wolff|gender=m)))
1631	1631	so	
1632	1632	unaufgefordert	
1633	1633	in	
1634	1634	deine	(mention_id=200|references=(entity=(entity_id=figur_0007|fullname=Franz Linden|gender=m)))
1635	1635	Angelegenheiten	
1636	1636	drängt	
1637	1637	?	
1638	1638	«	
1639	1639	Die	
1640	1640	dunklen	
1641	1641	Augen	
1642	1642	Franz	(mention_id=201|references=(entity=(entity_id=figur_0007|fullname=Franz Linden|gender=m)))
1643	1643	Lindens	(mention_id=201|references=(entity=(entity_id=figur_0007|fullname=Franz Linden|gender=m)))
1644	1644	sahen	
1645	1645	wie	
1646	1646	erstaunt	
1647	1647	in	
1648	1648	das	
1649	1649	ärgerliche	
1650	1650	Antlitz	
1651	1651	des	
1652	1652	Amtsrichters	(mention_id=202|references=(entity=(entity_id=figur_0001|fullname=Amtsrichter Weishaupt|gender=m)))
1653	1653	.	
1654	1654	»	
1655	1655	Je	
1656	1656	nun	
1657	1657	,	
1658	1658	Richard	(mention_id=203|references=(entity=(entity_id=figur_0001|fullname=Amtsrichter Weishaupt|gender=m)))
1659	1659	,	
1660	1660	er	(mention_id=204|references=(entity=(entity_id=figur_0012|fullname=Herr Wolff|gender=m)))
1661	1661	ist	
1662	1662	des	
1663	1663	verstorbenen	
1664	1664	Onkels	(mention_id=205|references=(entity=(entity_id=figur_0016|fullname=Onkel des Franz Linden|gender=m)))
1665	1665	rechte	
1666	1666	Hand	
1667	1667	gewesen	
1668	1668	,	
1669	1669	sozusagen	
1670	1670	sein	(mention_id=206|references=(entity=(entity_id=figur_0016|fullname=Onkel des Franz Linden|gender=m)))
1671	1671	Faktotum	
1672	1672	,	
1673	1673	und	
1674	1674	schließlich	
1675	1675	–	
1676	1676	er	(mention_id=207|references=(entity=(entity_id=figur_0012|fullname=Herr Wolff|gender=m)))
1677	1677	darf	
1678	1678	wohl	
1679	1679	ein	
1680	1680	Wörtchen	
1681	1681	mitreden	
1682	1682	,	
1683	1683	da	
1684	1684	er	(mention_id=208|references=(entity=(entity_id=figur_0012|fullname=Herr Wolff|gender=m)))
1685	1685	leider	
1686	1686	Gottes	(mention_id=209|references=(entity=(entity_id=figur_0010|fullname=Gott|gender=m|specialcase_entity=nonfact)))
1687	1687	eine	
1688	1688	große	
1689	1689	Hypothek	
1690	1690	auf	
1691	1691	Niendorf	
1692	1692	stehen	
1693	1693	hat	
1694	1694	.	
1695	1695	«	
1696	1696	»	
1697	1697	Das	
1698	1698	berechtigt	
1699	1699	ihn	(mention_id=210|references=(entity=(entity_id=figur_0012|fullname=Herr Wolff|gender=m)))
1700	1700	noch	
1701	1701	nicht	
1702	1702	zu	
1703	1703	dem	
1704	1704	aufdringlichen	
1705	1705	Gebaren	
1706	1706	,	
1707	1707	das	
1708	1708	der	
1709	1709	Mann	(mention_id=211|references=(entity=(entity_id=figur_0012|fullname=Herr Wolff|gender=m)))
1710	1710	dir	(mention_id=212|references=(entity=(entity_id=figur_0007|fullname=Franz Linden|gender=m)))
1711	1711	gegenüber	
1712	1712	entfaltet	
1713	1713	«	
1714	1714	,	
1715	1715	sagte	
1716	1716	der	
1717	1717	Kleine	(mention_id=213|references=(entity=(entity_id=figur_0001|fullname=Amtsrichter Weishaupt|gender=m)))
1718	1718	.	
1719	1719	»	
1720	1720	I	
1721	1721	,	
1722	1722	Kreisrichterchen	(mention_id=214|references=(entity=(entity_id=figur_0001|fullname=Amtsrichter Weishaupt|gender=m)))
1723	1723	«	
1724	1724	,	
1725	1725	entschuldigte	
1726	1726	der	
1727	1727	junge	
1728	1728	Mann	(mention_id=215|references=(entity=(entity_id=figur_0007|fullname=Franz Linden|gender=m)))
1729	1729	,	
1730	1730	»	
1731	1731	er	(mention_id=216|references=(entity=(entity_id=figur_0012|fullname=Herr Wolff|gender=m)))
1732	1732	hält	
1733	1733	mich	(mention_id=217|references=(entity=(entity_id=figur_0007|fullname=Franz Linden|gender=m)))
1734	1734	für	
1735	1735	einen	
1736	1736	Neuling	(mention_id=218|references=(entity=(entity_id=figur_0007|fullname=Franz Linden|gender=m)))
1737	1737	,	
1738	1738	für	
1739	1739	einen	
1740	1740	Ignoranten	(mention_id=219|references=(entity=(entity_id=figur_0007|fullname=Franz Linden|gender=m)))
1741	1741	in	
1742	1742	dem	
1743	1743	heiligen	
1744	1744	Getriebe	
1745	1745	einer	
1746	1746	Landwirtschaft	
1747	1747	.	
1748	1748	Du	(mention_id=220|references=(entity=(entity_id=figur_0001|fullname=Amtsrichter Weishaupt|gender=m)))
1749	1749	–	
1750	1750	–	
1751	1751	«	
1752	1752	»	
1753	1753	Und	
1754	1754	ich	(mention_id=221|references=(entity=(entity_id=figur_0001|fullname=Amtsrichter Weishaupt|gender=m)))
1755	1755	halte	
1756	1756	ihn	(mention_id=222|references=(entity=(entity_id=figur_0012|fullname=Herr Wolff|gender=m)))
1757	1757	für	
1758	1758	einen	
1759	1759	dunklen	
1760	1760	Ehrenmann	(mention_id=223|references=(entity=(entity_id=figur_0012|fullname=Herr Wolff|gender=m)))
1761	1761	!	
1762	1762	Und	
1763	1763	wenn	
1764	1764	wir	(mention_id=224|references=(entity=(entity_id=figur_0001|fullname=Amtsrichter Weishaupt|gender=m)),(entity=(entity_id=figur_0007|fullname=Franz Linden|gender=m)))
1765	1765	uns	(mention_id=225|references=(entity=(entity_id=figur_0001|fullname=Amtsrichter Weishaupt|gender=m)),(entity=(entity_id=figur_0007|fullname=Franz Linden|gender=m)))
1766	1766	wieder	
1767	1767	einmal	
1768	1768	sprechen	
1769	1769	,	
1770	1770	Goldsohn	(mention_id=226|references=(entity=(entity_id=figur_0007|fullname=Franz Linden|gender=m)))
1771	1771	,	
1772	1772	wirst	
1773	1773	du	(mention_id=227|references=(entity=(entity_id=figur_0007|fullname=Franz Linden|gender=m)))
1774	1774	mir	(mention_id=228|references=(entity=(entity_id=figur_0001|fullname=Amtsrichter Weishaupt|gender=m)))
1775	1775	sagen	
1776	1776	:	
1777	1777	›	
1778	1778	Richard	(mention_id=229|references=(entity=(entity_id=figur_0001|fullname=Amtsrichter Weishaupt|gender=m)))
1779	1779	,	
1780	1780	weiß	
1781	1781	Gott	
1782	1782	,	
1783	1783	du	(mention_id=230|references=(entity=(entity_id=figur_0001|fullname=Amtsrichter Weishaupt|gender=m)))
1784	1784	hattest	
1785	1785	recht	
1786	1786	mit	
1787	1787	diesem	
1788	1788	Menschen	(mention_id=231|references=(entity=(entity_id=figur_0012|fullname=Herr Wolff|gender=m)))
1789	1789	,	
1790	1790	der	
1791	1791	Kerl	(mention_id=232|references=(entity=(entity_id=figur_0012|fullname=Herr Wolff|gender=m)))
1792	1792	ist	
1793	1793	ein	
1794	1794	Spitzbube	(mention_id=233|references=(entity=(entity_id=figur_0012|fullname=Herr Wolff|gender=m)))
1795	1795	!	
1796	1796	‹	
1797	1797	«	
1798	1798	»	
1799	1799	Weißt	
1800	1800	du	(mention_id=234|references=(entity=(entity_id=figur_0001|fullname=Amtsrichter Weishaupt|gender=m)))
1801	1801	«	
1802	1802	,	
1803	1803	erklärte	
1804	1804	Franz	(mention_id=235|references=(entity=(entity_id=figur_0007|fullname=Franz Linden|gender=m)))
1805	1805	Linden	(mention_id=235|references=(entity=(entity_id=figur_0007|fullname=Franz Linden|gender=m)))
1806	1806	,	
1807	1807	zwischen	
1808	1808	Scherz	
1809	1809	und	
1810	1810	Ernst	
1811	1811	schwankend	
1812	1812	,	
1813	1813	»	
1814	1814	ich	(mention_id=236|references=(entity=(entity_id=figur_0007|fullname=Franz Linden|gender=m)))
1815	1815	wollte	
1816	1816	,	
1817	1817	ich	(mention_id=237|references=(entity=(entity_id=figur_0007|fullname=Franz Linden|gender=m)))
1818	1818	hätte	
1819	1819	dich	(mention_id=238|references=(entity=(entity_id=figur_0001|fullname=Amtsrichter Weishaupt|gender=m)))
1820	1820	ruhig	
1821	1821	in	
1822	1822	deiner	(mention_id=239|references=(entity=(entity_id=figur_0001|fullname=Amtsrichter Weishaupt|gender=m)))
1823	1823	Wohnung	
1824	1824	am	
1825	1825	Goethe-Platz	
1826	1826	gelassen	
1827	1827	.	
1828	1828	Du	(mention_id=240|references=(entity=(entity_id=figur_0001|fullname=Amtsrichter Weishaupt|gender=m)))
1829	1829	bist	
1830	1830	imstande	
1831	1831	,	
1832	1832	mir	(mention_id=241|references=(entity=(entity_id=figur_0007|fullname=Franz Linden|gender=m)))
1833	1833	mit	
1834	1834	deinen	(mention_id=242|references=(entity=(entity_id=figur_0001|fullname=Amtsrichter Weishaupt|gender=m)))
1835	1835	morosen	
1836	1836	Ansichten	
1837	1837	alles	
1838	1838	,	
1839	1839	alles	
1840	1840	hier	
1841	1841	zu	
1842	1842	verekeln	
1843	1843	.	
1844	1844	Komm	
1845	1845	,	
1846	1846	wir	(mention_id=243|references=(entity=(entity_id=figur_0007|fullname=Franz Linden|gender=m)),(entity=(entity_id=figur_0001|fullname=Amtsrichter Weishaupt|gender=m)))
1847	1847	wollen	
1848	1848	einen	
1849	1849	Gang	
1850	1850	machen	
1851	1851	durch	
1852	1852	den	
1853	1853	Garten	
1854	1854	,	
1855	1855	dann	
1856	1856	wird	
1857	1857	es	
1858	1858	leider	
1859	1859	Zeit	
1860	1860	sein	
1861	1861	,	
1862	1862	daß	
1863	1863	du	(mention_id=244|references=(entity=(entity_id=figur_0001|fullname=Amtsrichter Weishaupt|gender=m)))
1864	1864	zur	
1865	1865	Bahn	
1866	1866	mußt	
1867	1867	,	
1868	1868	wenn	
1869	1869	du	(mention_id=245|references=(entity=(entity_id=figur_0001|fullname=Amtsrichter Weishaupt|gender=m)))
1870	1870	allerwegen	
1871	1871	noch	
1872	1872	den	
1873	1873	Kurierzug	
1874	1874	erreichen	
1875	1875	willst	
1876	1876	.	
1877	1877	«	
1878	1878	Er	(mention_id=246|references=(entity=(entity_id=figur_0007|fullname=Franz Linden|gender=m)))
1879	1879	nahm	
1880	1880	des	
1881	1881	brummenden	
1882	1882	Freundes	(mention_id=247|references=(entity=(entity_id=figur_0001|fullname=Amtsrichter Weishaupt|gender=m)))
1883	1883	Arm	
1884	1884	und	
1885	1885	zog	
1886	1886	ihn	(mention_id=248|references=(entity=(entity_id=figur_0001|fullname=Amtsrichter Weishaupt|gender=m)))
1887	1887	mit	
1888	1888	sich	(mention_id=249|references=(entity=(entity_id=figur_0007|fullname=Franz Linden|gender=m)))
1889	1889	,	
1890	1890	hinunter	
1891	1891	in	
1892	1892	die	
1893	1893	verschlungenen	
1894	1894	Wege	
1895	1895	,	
1896	1896	auf	
1897	1897	denen	
1898	1898	schon	
1899	1899	das	
1900	1900	welke	
1901	1901	Laub	
1902	1902	der	
1903	1903	Bäume	
1904	1904	lag	
1905	1905	.	
1906	1906	»	
1907	1907	Ich	(mention_id=250|references=(entity=(entity_id=figur_0001|fullname=Amtsrichter Weishaupt|gender=m)))
1908	1908	bin	
1909	1909	überzeugt	
1910	1910	,	
1911	1911	der	
1912	1912	Kerl	(mention_id=251|references=(entity=(entity_id=figur_0012|fullname=Herr Wolff|gender=m)))
1913	1913	hat	
1914	1914	ein	
1915	1915	Heiratsbüro	
1916	1916	«	
1917	1917	,	
1918	1918	murmelte	
1919	1919	ingrimmig	
1920	1920	der	
1921	1921	Amtsrichter	(mention_id=252|references=(entity=(entity_id=figur_0001|fullname=Amtsrichter Weishaupt|gender=m)))
1922	1922	.	
1923	1923	Als	
1924	1924	sie	(mention_id=253|references=(entity=(entity_id=figur_0001|fullname=Amtsrichter Weishaupt|gender=m)),(entity=(entity_id=figur_0007|fullname=Franz Linden|gender=m)))
1925	1925	um	
1926	1926	die	
1927	1927	Ecke	
1928	1928	eines	
1929	1929	verwilderten	
1930	1930	Bosketts	
1931	1931	gingen	
1932	1932	,	
1933	1933	sahen	
1934	1934	sie	(mention_id=254|references=(entity=(entity_id=figur_0001|fullname=Amtsrichter Weishaupt|gender=m)),(entity=(entity_id=figur_0007|fullname=Franz Linden|gender=m)))
1935	1935	jenseits	
1936	1936	des	
1937	1937	kleinen	
1938	1938	,	
1939	1939	ganz	
1940	1940	mit	
1941	1941	Wasserlinsen	
1942	1942	bedeckten	
1943	1943	Teiches	
1944	1944	eine	
1945	1945	alte	
1946	1946	Frau	(mention_id=255|references=(entity=(entity_id=figur_0018|fullname=Tante des Franz Linden|gender=f)))
1947	1947	langsam	
1948	1948	dahinschreiten	
1949	1949	.	
1950	1950	»	
1951	1951	Ich	(mention_id=256|references=(entity=(entity_id=figur_0001|fullname=Amtsrichter Weishaupt|gender=m)))
1952	1952	bitte	
1953	1953	dich	(mention_id=257|references=(entity=(entity_id=figur_0007|fullname=Franz Linden|gender=m)))
1954	1954	um	
1955	1955	Gottes	(mention_id=258|references=(entity=(entity_id=figur_0010|fullname=Gott|gender=m|specialcase_entity=nonfact)))
1956	1956	willen	
1957	1957	«	
1958	1958	,	
1959	1959	begann	
1960	1960	der	
1961	1961	Kleine	(mention_id=259|references=(entity=(entity_id=figur_0001|fullname=Amtsrichter Weishaupt|gender=m)))
1962	1962	wieder	
1963	1963	,	
1964	1964	»	
1965	1965	sieh	
1966	1966	dir	(mention_id=260|references=(entity=(entity_id=figur_0007|fullname=Franz Linden|gender=m)))
1967	1967	diese	
1968	1968	Gestalt	(mention_id=261|references=(entity=(entity_id=figur_0018|fullname=Tante des Franz Linden|gender=f)))
1969	1969	an	
1970	1970	,	
1971	1971	diese	
1972	1972	Haube	
1973	1973	mit	
1974	1974	der	
1975	1975	ungeheuren	
1976	1976	Trauerschleife	
1977	1977	,	
1978	1978	dieses	
1979	1979	wunderliche	
1980	1980	Kleid	
1981	1981	mit	
1982	1982	einer	
1983	1983	Taille	
1984	1984	,	
1985	1985	die	
1986	1986	unter	
1987	1987	den	
1988	1988	Armen	
1989	1989	sitzt	
1990	1990	.	
1991	1991	Und	
1992	1992	wie	
1993	1993	malerisch	
1994	1994	trägt	
1995	1995	sie	(mention_id=262|references=(entity=(entity_id=figur_0018|fullname=Tante des Franz Linden|gender=f)))
1996	1996	den	
1997	1997	schwarzen	
1998	1998	Schal	
1999	1999	–	
2000	2000	weiß	
2001	2001	der	
2002	2002	Himmel	
