i	token	mention	gold
46877	Zweites		
46878	Kapitel		
46879	Aufgeregt		
46880	durch		
46881	den		
46882	Vorfall		
46883	und		
46884	die		
46885	daran		
46886	sich		
46887	knüpfenden		
46888	Gespräche		
46889	,		
46890	begab		
46891	man		(mention_id=6185|references=(entity=(entity_id=entity_0147|fullname=Architekt|gender=m)),(entity=(entity_id=entity_0002|fullname=Charlotte|gender=f)))
46892	sich	6240	(mention_id=6186|references=(entity=(entity_id=entity_0147|fullname=Architekt|gender=m)),(entity=(entity_id=entity_0002|fullname=Charlotte|gender=f)))
46893	des		
46894	andern		
46895	Tages		
46896	nach		
46897	dem		
46898	Begräbnisplatz		
46899	,		
46900	zu		
46901	dessen		
46902	Verzierung		
46903	und		
46904	Erheiterung		
46905	der		
46906	Architekt	6241	(mention_id=6187|references=(entity=(entity_id=entity_0147|fullname=Architekt|gender=m)))
46907	manchen		
46908	glücklichen		
46909	Vorschlag		
46910	tat		
46911	.		
46912	Allein		
46913	auch		
46914	auf		
46915	die		
46916	Kirche		
46917	sollte		
46918	sich		
46919	seine	6242	(mention_id=6188|references=(entity=(entity_id=entity_0147|fullname=Architekt|gender=m)))
46920	Sorgfalt		
46921	erstrecken		
46922	,		
46923	auf		
46924	ein		
46925	Gebäude		
46926	,		
46927	das		
46928	gleich		
46929	anfänglich		
46930	seine	6243	(mention_id=6189|references=(entity=(entity_id=entity_0147|fullname=Architekt|gender=m)))
46931	Aufmerksamkeit		
46932	an		
46933	sich		
46934	gezogen		
46935	hatte		
46936	.		
46937	Diese		
46938	Kirche		
46939	stand		
46940	seit		
46941	mehrern		
46942	Jahrhunderten		
46943	,		
46944	nach		
46945	deutscher		
46946	Art		
46947	und		
46948	Kunst		
46949	in		
46950	guten		
46951	Maßen		
46952	errichtet		
46953	und		
46954	auf		
46955	eine		
46956	glückliche		
46957	Weise		
46958	verziert		
46959	.		
46960	Man		
46961	konnte		
46962	wohl		
46963	nachkommen		
46964	,		
46965	daß		
46966	der		
46967	Baumeister	6244	(mention_id=6190|references=(entity=(entity_id=entity_0212|fullname=Baumeister|gender=m)))
46968	eines		
46969	benachbarten		
46970	Klosters		
46971	mit		
46972	Einsicht		
46973	und		
46974	Neigung		
46975	sich	6245	(mention_id=6191|references=(entity=(entity_id=entity_0212|fullname=Baumeister|gender=m)))
46976	auch		
46977	an		
46978	diesem		
46979	kleineren		
46980	Gebäude		
46981	bewährt		
46982	,		
46983	und		
46984	es		
46985	wirkte		
46986	noch		
46987	immer		
46988	ernst		
46989	und		
46990	angenehm		
46991	auf		
46992	den		
46993	Betrachter	6246	(mention_id=6192|references=(entity=(entity_id=generic_0408|fullname=Betrachter der Kirche|gender=u|specialcase_entity=generic)))
46994	,		
46995	obgleich		
46996	die		
46997	innere		
46998	neue		
46999	Einrichtung		
47000	zum		
47001	protestantischen		
47002	Gottesdienste		
47003	ihm		
47004	etwas		
47005	von		
47006	seiner		
47007	Ruhe		
47008	und		
47009	Majestät		
47010	genommen		
47011	hatte		
47012	.		
47013	Dem		
47014	Architekten	6247	(mention_id=6193|references=(entity=(entity_id=entity_0147|fullname=Architekt|gender=m)))
47015	fiel		
47016	es		
47017	nicht		
47018	schwer		
47019	,		
47020	sich	6248	(mention_id=6194|references=(entity=(entity_id=entity_0147|fullname=Architekt|gender=m)))
47021	von		
47022	Charlotten	6249	(mention_id=6195|references=(entity=(entity_id=entity_0002|fullname=Charlotte|gender=f)))
47023	eine		
47024	mäßige		
47025	Summe		
47026	zu		
47027	erbitten		
47028	,		
47029	wovon		
47030	er	6250	(mention_id=6196|references=(entity=(entity_id=entity_0147|fullname=Architekt|gender=m)))
47031	das		
47032	Äußere		
47033	sowohl		
47034	als		
47035	das		
47036	Innere		
47037	im		
47038	altertümlichen		
47039	Sinne		
47040	herzustellen		
47041	und		
47042	mit		
47043	dem		
47044	davorliegenden		
47045	Auferstehungsfelde		
47046	zur		
47047	Übereinstimmung		
47048	zu		
47049	bringen		
47050	gedachte		
47051	.		
47052	Er	6251	(mention_id=6197|references=(entity=(entity_id=entity_0147|fullname=Architekt|gender=m)))
47053	hatte		
47054	selbst		
47055	viel		
47056	Handgeschick		
47057	,		
47058	und		
47059	einige		
47060	Arbeiter	6252	(mention_id=6198|references=(entity=(entity_id=entity_0211|fullname=Einige Arbeiter von Hausbau|gender=m|specialcase_entity=group)))
47061	,		
47062	die	6253	(mention_id=6199|references=(entity=(entity_id=entity_0211|fullname=Einige Arbeiter von Hausbau|gender=m|specialcase_entity=group)))
47063	noch		
47064	am		
47065	Hausbau		
47066	beschäftigt		
47067	waren		
47068	,		
47069	wollte		
47070	man		(mention_id=6200|references=(entity=(entity_id=entity_0147|fullname=Architekt|gender=m)),(entity=(entity_id=entity_0002|fullname=Charlotte|gender=f)))
47071	gern		
47072	so		
47073	lange		
47074	beibehalten		
47075	,		
47076	bis		
47077	auch		
47078	dieses		
47079	fromme		
47080	Werk		
47081	vollendet		
47082	wäre		
47083	.		
47084	Man	6254	(mention_id=6201|references=(entity=(entity_id=entity_0002|fullname=Charlotte|gender=f)),(entity=(entity_id=entity_0147|fullname=Architekt|gender=m)))
47085	war		
47086	nunmehr		
47087	in		
47088	dem		
47089	Falle		
47090	,		
47091	das		
47092	Gebäude		
47093	selbst		
47094	mit		
47095	allen		
47096	Umgebungen		
47097	und		
47098	Angebäuden		
47099	zu		
47100	untersuchen		
47101	,		
47102	und		
47103	da		
47104	zeigte		
47105	sich		
47106	zum		
47107	größten		
47108	Erstaunen		
47109	und		
47110	Vergnügen		
47111	des		
47112	Architekten	6255	(mention_id=6202|references=(entity=(entity_id=entity_0147|fullname=Architekt|gender=m)))
47113	eine		
47114	wenig		
47115	bemerkte		
47116	kleine		
47117	Seitenkapelle		
47118	von		
47119	noch		
47120	geistreichern		
47121	und		
47122	leichtern		
47123	Maßen		
47124	,		
47125	von		
47126	noch		
47127	gefälligern		
47128	und		
47129	fleißigern		
47130	Zieraten		
47131	.		
47132	Sie		
47133	enthielt		
47134	zugleich		
47135	manchen		
47136	geschnitzten		
47137	und		
47138	gemalten		
47139	Rest		
47140	jenes		
47141	älteren		
47142	Gottesdienstes		
47143	,		
47144	der		
47145	mit		
47146	mancherlei		
47147	Gebild		
47148	und		
47149	Gerätschaft		
47150	die		
47151	verschiedenen		
47152	Feste		
47153	zu		
47154	bezeichnen		
47155	und		
47156	jedes		
47157	auf		
47158	seine		
47159	eigne		
47160	Weise		
47161	zu		
47162	feiern		
47163	wußte		
47164	.		
47165	Der		
47166	Architekt	6256	(mention_id=6203|references=(entity=(entity_id=entity_0147|fullname=Architekt|gender=m)))
47167	konnte		
47168	nicht		
47169	unterlassen		
47170	,		
47171	die		
47172	Kapelle		
47173	sogleich		
47174	in		
47175	seinen	6257	(mention_id=6204|references=(entity=(entity_id=entity_0147|fullname=Architekt|gender=m)))
47176	Plan		
47177	mit		
47178	hereinzuziehen		
47179	und		
47180	besonders		
47181	diesen		
47182	engen		
47183	Raum		
47184	als		
47185	ein		
47186	Denkmal		
47187	voriger		
47188	Zeiten		
47189	und		
47190	ihres		
47191	Geschmacks		
47192	wiederherzustellen		
47193	.		
47194	Er	6258	(mention_id=6205|references=(entity=(entity_id=entity_0147|fullname=Architekt|gender=m)))
47195	hatte		
47196	sich	6259	(mention_id=6206|references=(entity=(entity_id=entity_0147|fullname=Architekt|gender=m)))
47197	die		
47198	leeren		
47199	Flächen		
47200	nach		
47201	seiner	6260	(mention_id=6207|references=(entity=(entity_id=entity_0147|fullname=Architekt|gender=m)))
47202	Neigung		
47203	schon		
47204	verziert		
47205	gedacht		
47206	und		
47207	freute		
47208	sich	6261	(mention_id=6208|references=(entity=(entity_id=entity_0147|fullname=Architekt|gender=m)))
47209	,		
47210	dabei		
47211	sein	6262	(mention_id=6209|references=(entity=(entity_id=entity_0147|fullname=Architekt|gender=m)))
47212	malerisches		
47213	Talent		
47214	zu		
47215	üben		
47216	;		
47217	allein		
47218	er	6263	(mention_id=6210|references=(entity=(entity_id=entity_0147|fullname=Architekt|gender=m)))
47219	machte		
47220	seinen	6264	(mention_id=6211|references=(entity=(entity_id=entity_0147|fullname=Architekt|gender=m)))
47221	Hausgenossen	6265	(mention_id=6212|references=(entity=(entity_id=entity_0002|fullname=Charlotte|gender=f)),(entity=(entity_id=entity_0006|fullname=Ottilie|gender=f)))
47222	fürs		
47223	erste		
47224	ein		
47225	Geheimnis		
47226	davon		
47227	.		
47228	Vor		
47229	allem		
47230	andern		
47231	zeigte		
47232	er	6266	(mention_id=6213|references=(entity=(entity_id=entity_0147|fullname=Architekt|gender=m)))
47233	versprochenermaßen		
47234	den		
47235	Frauen	6267	(mention_id=6214|references=(entity=(entity_id=entity_0002|fullname=Charlotte|gender=f)),(entity=(entity_id=entity_0006|fullname=Ottilie|gender=f)))
47236	die		
47237	verschiedenen		
47238	Nachbildungen		
47239	und		
47240	Entwürfe		
47241	von		
47242	alten		
47243	Grabmonumenten		
47244	,		
47245	Gefäßen		
47246	und		
47247	andern		
47248	dahin		
47249	sich		
47250	nähernden		
47251	Dingen		
47252	,		
47253	und		
47254	als		
47255	man		
47256	im		
47257	Gespräch		
47258	auf		
47259	die		
47260	einfachern		
47261	Grabhügel		
47262	der		
47263	nordischen		
47264	Völker	6268	(mention_id=6215|references=(entity=(entity_id=generic_0409|fullname=nordische Völker|gender=u|specialcase_entity=generic)))
47265	zu		
47266	reden		
47267	kam		
47268	,		
47269	brachte		
47270	er	6269	(mention_id=6216|references=(entity=(entity_id=entity_0147|fullname=Architekt|gender=m)))
47271	seine	6270	(mention_id=6217|references=(entity=(entity_id=entity_0147|fullname=Architekt|gender=m)))
47272	Sammlung		
47273	von		
47274	mancherlei		
47275	Waffen		
47276	und		
47277	Gerätschaften		
47278	,		
47279	die		
47280	darin		
47281	gefunden		
47282	worden		
47283	,		
47284	zur		
47285	Ansicht		
47286	.		
47287	Er	6271	(mention_id=6218|references=(entity=(entity_id=entity_0147|fullname=Architekt|gender=m)))
47288	hatte		
47289	alles		
47290	sehr		
47291	reinlich		
47292	und		
47293	tragbar		
47294	in		
47295	Schubladen		
47296	und		
47297	Fächern		
47298	auf		
47299	eingeschnittenen		
47300	,		
47301	mit		
47302	Tuch		
47303	überzogenen		
47304	Brettern		
47305	,		
47306	so		
47307	daß		
47308	diese		
47309	alten		
47310	,		
47311	ernsten		
47312	Dinge		
47313	durch		
47314	seine	6272	(mention_id=6219|references=(entity=(entity_id=entity_0147|fullname=Architekt|gender=m)))
47315	Behandlung		
47316	etwas		
47317	Putzhaftes		
47318	annahmen		
47319	und		
47320	man		
47321	mit		
47322	Vergnügen		
47323	darauf		
47324	wie		
47325	auf		
47326	die		
47327	Kästchen		
47328	eines		
47329	Modehändlers	6273	(mention_id=6220|references=(entity=(entity_id=generic_0410|fullname=Modehändler|gender=u|specialcase_entity=generic)))
47330	hinblickte		
47331	.		
47332	Und		
47333	da		
47334	er	6274	(mention_id=6221|references=(entity=(entity_id=entity_0147|fullname=Architekt|gender=m)))
47335	einmal		
47336	im		
47337	Vorzeigen		
47338	war		
47339	,		
47340	da		
47341	die		
47342	Einsamkeit		
47343	eine		
47344	Unterhaltung		
47345	forderte		
47346	,		
47347	so		
47348	pflegte		
47349	er	6275	(mention_id=6222|references=(entity=(entity_id=entity_0147|fullname=Architekt|gender=m)))
47350	jeden		
47351	Abend		
47352	mit		
47353	einem		
47354	Teil		
47355	seiner	6276	(mention_id=6223|references=(entity=(entity_id=entity_0147|fullname=Architekt|gender=m)))
47356	Schätze		
47357	hervorzutreten		
47358	.		
47359	Sie		
47360	waren		
47361	meistenteils		
47362	deutschen		
47363	Ursprungs		
47364	:		
47365	Brakteaten		
47366	,		
47367	Dickmünzen		
47368	,		
47369	Siegel		
47370	und		
47371	was		
47372	sonst		
47373	sich		
47374	noch		
47375	anschließen		
47376	mag.		
47377	Alle		
47378	diese		
47379	Dinge		
47380	richteten		
47381	die		
47382	Einbildungskraft		
47383	gegen		
47384	die		
47385	ältere		
47386	Zeit		
47387	hin		
47388	,		
47389	und		
47390	da		
47391	er	6277	(mention_id=6224|references=(entity=(entity_id=entity_0147|fullname=Architekt|gender=m)))
47392	zuletzt		
47393	mit		
47394	den		
47395	Anfängen		
47396	des		
47397	Drucks		
47398	,		
47399	Holzschnitten		
47400	und		
47401	den		
47402	ältesten		
47403	Kupfern		
47404	seine	6278	(mention_id=6225|references=(entity=(entity_id=entity_0147|fullname=Architekt|gender=m)))
47405	Unterhaltung		
47406	zierte		
47407	und		
47408	die		
47409	Kirche		
47410	täglich		
47411	auch		
47412	,		
47413	jenem		
47414	Sinne		
47415	gemäß		
47416	,		
47417	an		
47418	Farbe		
47419	und		
47420	sonstiger		
47421	Auszierung		
47422	gleichsam		
47423	der		
47424	Vergangenheit		
47425	entgegenwuchs		
47426	,		
47427	so		
47428	mußte		
47429	man		(mention_id=6226|references=(entity=(entity_id=entity_0147|fullname=Architekt|gender=m)),(entity=(entity_id=entity_0002|fullname=Charlotte|gender=f)),(entity=(entity_id=entity_0006|fullname=Ottilie|gender=f)))
47430	sich	6279	(mention_id=6227|references=(entity=(entity_id=entity_0006|fullname=Ottilie|gender=f)),(entity=(entity_id=entity_0002|fullname=Charlotte|gender=f)),(entity=(entity_id=entity_0147|fullname=Architekt|gender=m)))
47431	beinahe		
47432	selbst		
47433	fragen		
47434	,		
47435	ob		
47436	man		(mention_id=6228|references=(entity=(entity_id=entity_0006|fullname=Ottilie|gender=f)),(entity=(entity_id=entity_0002|fullname=Charlotte|gender=f)),(entity=(entity_id=entity_0147|fullname=Architekt|gender=m)))
47437	denn		
47438	wirklich		
47439	in		
47440	der		
47441	neueren		
47442	Zeit		
47443	lebe		
47444	,		
47445	ob		
47446	es		
47447	nicht		
47448	ein		
47449	Traum		
47450	sei		
47451	,		
47452	daß		
47453	man		(mention_id=6229|references=(entity=(entity_id=entity_0002|fullname=Charlotte|gender=f)),(entity=(entity_id=entity_0147|fullname=Architekt|gender=m)),(entity=(entity_id=entity_0006|fullname=Ottilie|gender=f)))
47454	nunmehr		
47455	in		
47456	ganz		
47457	andern		
47458	Sitten		
47459	,		
47460	Gewohnheiten		
47461	,		
47462	Lebensweisen		
47463	und		
47464	Überzeugungen		
47465	verweile		
47466	.		
47467	Auf		
47468	solche		
47469	Art		
47470	vorbereitet		
47471	,		
47472	tat		
47473	ein		
47474	größeres		
47475	Portefeuille		
47476	,		
47477	das		
47478	er	6280	(mention_id=6230|references=(entity=(entity_id=entity_0147|fullname=Architekt|gender=m)))
47479	zuletzt		
47480	herbeibrachte		
47481	,		
47482	die		
47483	beste		
47484	Wirkung		
47485	.		
47486	Es		
47487	enthielt		
47488	zwar		
47489	meist		
47490	nur		
47491	umrissene		
47492	Figuren		(mention_id=6231|references=(entity=(entity_id=entity_0210|fullname=Figuren auf Malerei|gender=u|members=entity_0213,entity_0214,entity_0215,entity_0216,entity_0217,entity_0218|all_members_given=True|borderline_entity=Gemälde|specialcase_entity=group)))
47493	,		
47494	die		(mention_id=6232|references=(entity=(entity_id=entity_0210|fullname=Figuren auf Malerei|gender=u|members=entity_0213,entity_0214,entity_0215,entity_0216,entity_0217,entity_0218|all_members_given=True|borderline_entity=Gemälde|specialcase_entity=group)))
47495	aber		
47496	,		
47497	weil		
47498	sie		
47499	auf		
47500	die		
47501	Bilder		
47502	selbst		
47503	durchgezeichnet		
47504	waren		
47505	,		
47506	ihren		(mention_id=6233|references=(entity=(entity_id=entity_0210|fullname=Figuren auf Malerei|gender=u|members=entity_0213,entity_0214,entity_0215,entity_0216,entity_0217,entity_0218|all_members_given=True|borderline_entity=Gemälde|specialcase_entity=group)))
47507	altertümlichen		
47508	Charakter		
47509	vollkommen		
47510	erhalten		
47511	hatten		
47512	,		
47513	und		
47514	diesen		
47515	,		
47516	wie		
47517	einnehmend		
47518	fanden		
47519	ihn		
47520	die		
47521	Beschauenden	6281	(mention_id=6234|references=(entity=(entity_id=entity_0147|fullname=Architekt|gender=m)),(entity=(entity_id=entity_0002|fullname=Charlotte|gender=f)),(entity=(entity_id=entity_0006|fullname=Ottilie|gender=f)))
47522	!		
47523	Aus		
47524	allen		
47525	Gestalten		(mention_id=6235|references=(entity=(entity_id=entity_0210|fullname=Figuren auf Malerei|gender=u|members=entity_0213,entity_0214,entity_0215,entity_0216,entity_0217,entity_0218|all_members_given=True|borderline_entity=Gemälde|specialcase_entity=group)))
47526	blickte		
47527	nur		
47528	das		
47529	reinste		
47530	Dasein		
47531	hervor		
47532	;		
47533	alle	6282	(mention_id=6236|references=(entity=(entity_id=entity_0210|fullname=Figuren auf Malerei|gender=u|members=entity_0213,entity_0214,entity_0215,entity_0216,entity_0217,entity_0218|all_members_given=True|borderline_entity=Gemälde|specialcase_entity=group)))
47534	mußte		
47535	man		
47536	,		
47537	wo		
47538	nicht		
47539	für		
47540	edel		
47541	,		
47542	doch		
47543	für		
47544	gut		
47545	ansprechen		
47546	.		
47547	Heitere		
47548	Sammlung		
47549	,		
47550	willige		
47551	Anerkennung		
47552	eines		
47553	Ehrwürdigen	6283	(mention_id=6237|references=(entity=(entity_id=entity_0070|fullname=Gott|gender=u)))
47554	über		
47555	uns	6284	(mention_id=6238|references=(entity=(entity_id=generic_0411|fullname=Menschen allgemein|gender=u|specialcase_entity=generic)))
47556	,		
47557	stille		
47558	Hingebung		
47559	in		
47560	Liebe		
47561	und		
47562	Erwartung		
47563	war		
47564	auf		
47565	allen		
47566	Gesichtern		(mention_id=6239|references=(entity=(entity_id=entity_0210|fullname=Figuren auf Malerei|gender=u|members=entity_0213,entity_0214,entity_0215,entity_0216,entity_0217,entity_0218|all_members_given=True|borderline_entity=Gemälde|specialcase_entity=group)|specialcase_reference=part))
47567	,		
47568	in		
47569	allen		
47570	Gebärden		(mention_id=6240|references=(entity=(entity_id=entity_0210|fullname=Figuren auf Malerei|gender=u|members=entity_0213,entity_0214,entity_0215,entity_0216,entity_0217,entity_0218|all_members_given=True|borderline_entity=Gemälde|specialcase_entity=group)|specialcase_reference=part))
47571	ausgedrückt		
47572	.		
47573	Der		
47574	Greis	6285	(mention_id=6241|references=(entity=(entity_id=entity_0214|fullname=Greis auf Malerei|gender=m|borderline_entity=Gemälde)))
47575	mit		
47576	dem		
47577	kahlen		
47578	Scheitel		
47579	,		
47580	der		
47581	reichlockige		
47582	Knabe	6286	(mention_id=6242|references=(entity=(entity_id=entity_0215|fullname=Knabe auf Malerei|gender=m|borderline_entity=Gemälde)))
47583	,		
47584	der		
47585	muntere		
47586	Jüngling	6287	(mention_id=6243|references=(entity=(entity_id=entity_0218|fullname=Jüngling auf Malerei|gender=m|borderline_entity=Gemälde)))
47587	,		
47588	der		
47589	ernste		
47590	Mann	6288	(mention_id=6244|references=(entity=(entity_id=entity_0216|fullname=Mann auf Malerei|gender=m|borderline_entity=Gemälde)))
47591	,		
47592	der		
47593	verklärte		
47594	Heilige	6289	(mention_id=6245|references=(entity=(entity_id=entity_0217|fullname=Heiliger auf Malerei|gender=m|borderline_entity=Gemälde)))
47595	,		
47596	der		
47597	schwebende		
47598	Engel	6290	(mention_id=6246|references=(entity=(entity_id=entity_0213|fullname=Engel auf Malerei|gender=u|borderline_entity=Gemälde)))
47599	,		
47600	alle		(mention_id=6247|references=(entity=(entity_id=entity_0210|fullname=Figuren auf Malerei|gender=u|members=entity_0213,entity_0214,entity_0215,entity_0216,entity_0217,entity_0218|all_members_given=True|borderline_entity=Gemälde|specialcase_entity=group)))
47601	schienen		
47602	selig		
47603	in		
47604	einem		
47605	unschuldigen		
47606	Genügen		
47607	,		
47608	in		
47609	einem		
47610	frommen		
47611	Erwarten		
47612	.		
47613	Das		
47614	Gemeinste		
47615	,		
47616	was		
47617	geschah		
47618	,		
47619	hatte		
47620	einen		
47621	Zug		
47622	von		
47623	himmlischem		
47624	Leben		
47625	,		
47626	und		
47627	eine		
47628	gottesdienstliche		
47629	Handlung		
47630	schien		
47631	ganz		
47632	jeder		
47633	Natur		
47634	angemessen		
47635	.		
47636	Nach		
47637	einer		
47638	solchen		
47639	Region		
47640	blicken		
47641	wohl		
47642	die		
47643	meisten	6291	(mention_id=6248|references=(entity=(entity_id=entity_0221|fullname=die meisten der Figuren auf Malerei|gender=u|specialcase_entity=group)))
47644	wie		
47645	nach		
47646	einem		
47647	verschwundenen		
47648	goldenen		
47649	Zeitalter		
47650	,		
47651	nach		
47652	einem		
47653	verlorenen		
47654	Paradiese		
47655	hin		
47656	.		
47657	Nur		
47658	vielleicht		
47659	Ottilie	6292	(mention_id=6249|references=(entity=(entity_id=entity_0006|fullname=Ottilie|gender=f)))
47660	war		
47661	in		
47662	dem		
47663	Fall		
47664	,		
47665	sich	6293	(mention_id=6250|references=(entity=(entity_id=entity_0006|fullname=Ottilie|gender=f)))
47666	unter		
47667	ihresgleichen	6294	(mention_id=6251|references=(entity=(entity_id=entity_0006|fullname=Ottilie|gender=f)))
47668	zu		
47669	fühlen		
47670	.		
47671	Wer		
47672	hätte		
47673	nun		
47674	widerstehen		
47675	können		
47676	,		
47677	als		
47678	der		
47679	Architekt	6295	(mention_id=6252|references=(entity=(entity_id=entity_0147|fullname=Architekt|gender=m)))
47680	sich	6296	(mention_id=6253|references=(entity=(entity_id=entity_0147|fullname=Architekt|gender=m)))
47681	erbot		
47682	,		
47683	nach		
47684	dem		
47685	Anlaß		
47686	dieser		
47687	Urbilder		
47688	die		
47689	Räume		
47690	zwischen		
47691	den		
47692	Spitzbogen		
47693	der		
47694	Kapelle		
47695	auszumalen		
47696	und		
47697	dadurch		
47698	sein	6297	(mention_id=6254|references=(entity=(entity_id=entity_0147|fullname=Architekt|gender=m)))
47699	Andenken		
47700	entschieden		
47701	an		
47702	einem		
47703	Orte		
47704	zu		
47705	stiften		
47706	,		
47707	wo		
47708	es		
47709	ihm	6298	(mention_id=6255|references=(entity=(entity_id=entity_0147|fullname=Architekt|gender=m)))
47710	so		
47711	gut		
47712	gegangen		
47713	war		
47714	.		
47715	Er	6299	(mention_id=6256|references=(entity=(entity_id=entity_0147|fullname=Architekt|gender=m)))
47716	erklärte		
47717	sich	6300	(mention_id=6257|references=(entity=(entity_id=entity_0147|fullname=Architekt|gender=m)))
47718	hierüber		
47719	mit		
47720	einiger		
47721	Wehmut		
47722	;		
47723	denn		
47724	er	6301	(mention_id=6258|references=(entity=(entity_id=entity_0147|fullname=Architekt|gender=m)))
47725	konnte		
47726	nach		
47727	der		
47728	Lage		
47729	der		
47730	Sache		
47731	wohl		
47732	einsehen		
47733	,		
47734	daß		
47735	sein	6302	(mention_id=6259|references=(entity=(entity_id=entity_0147|fullname=Architekt|gender=m)))
47736	Aufenthalt		
47737	in		
47738	so		
47739	vollkommener		
47740	Gesellschaft		
47741	nicht		
47742	immer		
47743	dauern		
47744	könne		
47745	,		
47746	ja		
47747	vielleicht		
47748	bald		
47749	abgebrochen		
47750	werden		
47751	müsse		
47752	.		
47753	Übrigens		
47754	waren		
47755	diese		
47756	Tage		
47757	zwar		
47758	nicht		
47759	reich		
47760	an		
47761	Begebenheiten		
47762	,		
47763	doch		
47764	voller		
47765	Anlässe		
47766	zu		
47767	ernsthafter		
47768	Unterhaltung		
47769	.		
47770	Wir	6303	(mention_id=6260|references=(entity=(entity_id=entity_0016|fullname=Erzählinstanz|gender=u)))
47771	nehmen		
47772	daher		
47773	Gelegenheit		
47774	,		
47775	von		
47776	demjenigen		
47777	,		
47778	was		
47779	Ottilie	6304	(mention_id=6261|references=(entity=(entity_id=entity_0006|fullname=Ottilie|gender=f)))
47780	sich	6305	(mention_id=6262|references=(entity=(entity_id=entity_0006|fullname=Ottilie|gender=f)))
47781	daraus		
47782	in		
47783	ihren	6306	(mention_id=6263|references=(entity=(entity_id=entity_0006|fullname=Ottilie|gender=f)))
47784	Heften		
47785	angemerkt		
47786	,		
47787	einiges		
47788	mitzuteilen		
47789	,		
47790	wozu		
47791	wir	6307	(mention_id=6264|references=(entity=(entity_id=entity_0016|fullname=Erzählinstanz|gender=u)))
47792	keinen		
47793	schicklichern		
47794	Übergang		
47795	finden		
47796	als		
47797	durch		
47798	ein		
47799	Gleichnis		
47800	,		
47801	das		
47802	sich		
47803	uns	6308	(mention_id=6265|references=(entity=(entity_id=entity_0016|fullname=Erzählinstanz|gender=u)))
47804	beim		
47805	Betrachten		
47806	ihrer	6309	(mention_id=6266|references=(entity=(entity_id=entity_0006|fullname=Ottilie|gender=f)))
47807	liebenswürdigen		
47808	Blätter		
47809	aufdringt		
47810	.		
47811	Wir	6310	(mention_id=6267|references=(entity=(entity_id=entity_0016|fullname=Erzählinstanz|gender=u)))
47812	hören		
47813	von		
47814	einer		
47815	besondern		
47816	Einrichtung		
47817	bei		
47818	der		
47819	englischen		
47820	Marine		
47821	.		
47822	Sämtliche		
47823	Tauwerke		
47824	der		
47825	königlichen		
47826	Flotte		
47827	,		
47828	vom		
47829	stärksten		
47830	bis		
47831	zum		
47832	schwächsten		
47833	,		
47834	sind		
47835	dergestalt		
47836	gesponnen		
47837	,		
47838	daß		
47839	ein		
47840	roter		
47841	Faden		
47842	durch		
47843	das		
47844	Ganze		
47845	durchgeht		
47846	,		
47847	den		
47848	man		
47849	nicht		
47850	herauswinden		
47851	kann		
47852	,		
47853	ohne		
47854	alles		
47855	aufzulösen		
47856	,		
47857	und		
47858	woran		
47859	auch		
47860	die		
47861	kleinsten		
47862	Stücke		
47863	kenntlich		
47864	sind		
47865	,		
47866	daß		
47867	sie		
47868	der		
47869	Krone		
47870	gehören		
47871	.		
47872	Ebenso		
47873	zieht		
47874	sich		
47875	durch		
47876	Ottiliens	6311	(mention_id=6268|references=(entity=(entity_id=entity_0006|fullname=Ottilie|gender=f)))
47877	Tagebuch		
47878	ein		
47879	Faden		
47880	der		
47881	Neigung		
47882	und		
47883	Anhänglichkeit		
47884	,		
47885	der		
47886	alles		
47887	verbindet		
47888	und		
47889	das		
47890	Ganze		
47891	bezeichnet		
47892	.		
47893	Dadurch		
47894	werden		
47895	diese		
47896	Bemerkungen		
47897	,		
47898	Betrachtungen		
47899	,		
47900	ausgezogenen		
47901	Sinnsprüche		
47902	und		
47903	was		
47904	sonst		
47905	vorkommen		
47906	mag		
47907	,		
47908	der		
47909	Schreibenden	6312	(mention_id=6269|references=(entity=(entity_id=entity_0006|fullname=Ottilie|gender=f)))
47910	ganz		
47911	besonders		
47912	eigen		
47913	und		
47914	für		
47915	sie	6313	(mention_id=6270|references=(entity=(entity_id=entity_0006|fullname=Ottilie|gender=f)))
47916	von		
47917	Bedeutung		
47918	.		
47919	Selbst		
47920	jede		
47921	einzelne		
47922	von		
47923	uns	6314	(mention_id=6271|references=(entity=(entity_id=entity_0016|fullname=Erzählinstanz|gender=u)))
47924	ausgewählte		
47925	und		
47926	mitgeteilte		
47927	Stelle		
47928	gibt		
47929	davon		
47930	das		
47931	entschiedenste		
47932	Zeugnis		
47933	.		
47934	Aus		
47935	Ottiliens	6315	(mention_id=6272|references=(entity=(entity_id=entity_0006|fullname=Ottilie|gender=f)))
47936	Tagebuche		
47937	Neben		
47938	denen	6316	(mention_id=6273|references=(entity=(entity_id=generic_0412|fullname=geliebte Personen|gender=u|specialcase_entity=generic)))
47939	dereinst		
47940	zu		
47941	ruhen		
47942	,		
47943	die	6317	
47944	man		
47945	liebt		
47946	,		
47947	ist		
47948	die		
47949	angenehmste		
47950	Vorstellung		
47951	,		
47952	welche		
47953	der		
47954	Mensch	6318	(mention_id=6274|references=(entity=(entity_id=generic_0413|fullname=Mensch allgemein|gender=u|specialcase_entity=generic)))
47955	haben		
47956	kann		
47957	,		
47958	wenn		
47959	er	6319	(mention_id=6275|references=(entity=(entity_id=generic_0414|fullname=Mensch allgemein|gender=u|specialcase_entity=generic)))
47960	einmal		
47961	über		
47962	das		
47963	Leben		
47964	hinausdenkt		
47965	.		
47966	»		
47967	Zu		
47968	den		
47969	Seinigen	6320	(mention_id=6276|references=(entity=(entity_id=generic_0415|fullname=Angehörige des Menschen allgemein|gender=u|specialcase_entity=generic)))
47970	versammelt		
47971	werden		
47972	«		
47973	ist		
47974	ein		
47975	so		
47976	herzlicher		
47977	Ausdruck		
47978	.		
47979	Es		
47980	gibt		
47981	mancherlei		
47982	Denkmale		
47983	und		
47984	Merkzeichen		
47985	,		
47986	die		
47987	uns	6321	(mention_id=6277|references=(entity=(entity_id=generic_0416|fullname=Menschen allgemein 2|gender=u|specialcase_entity=generic)),(entity=(entity_id=entity_0006|fullname=Ottilie|gender=f)))
47988	Entfernte	6322	(mention_id=6278|references=(entity=(entity_id=generic_0438|fullname=Entfernte|gender=u|specialcase_entity=generic)))
47989	und		
47990	Abgeschiedene	6323	(mention_id=6279|references=(entity=(entity_id=generic_0439|fullname=Abgeschiedene|gender=u|specialcase_entity=generic)))
47991	näher		
47992	bringen		
47993	.		
47994	Keins		
47995	ist		
47996	von		
47997	der		
47998	Bedeutung		
47999	des		
48000	Bildes		
48001	.		
48002	Die		
48003	Unterhaltung		
48004	mit		
48005	einem		
48006	geliebten		
48007	Bilde		
48008	,		
48009	selbst		
48010	wenn		
48011	es		
48012	unähnlich		
48013	ist		
48014	,		
48015	hat		
48016	was		
48017	Reizendes		
48018	,		
48019	wie		
48020	es		
48021	manchmal		
48022	etwas		
48023	Reizendes		
48024	hat		
48025	,		
48026	sich		(mention_id=6280|references=(entity=(entity_id=generic_0417|fullname=Menschen allgemein 2|gender=u|specialcase_entity=generic)),(entity=(entity_id=entity_0006|fullname=Ottilie|gender=f)))
48027	mit		
48028	einem		
48029	Freunde	6324	(mention_id=6281|references=(entity=(entity_id=generic_0440|fullname=Freund allgemein|gender=u|specialcase_entity=generic)))
48030	streiten		
48031	.		
48032	Man		(mention_id=6282|references=(entity=(entity_id=generic_0441|fullname=Freund allgemein|gender=u|specialcase_entity=generic)),(entity=(entity_id=entity_0006|fullname=Ottilie|gender=f)),(entity=(entity_id=generic_0418|fullname=Menschen allgemein 2|gender=u|specialcase_entity=generic)))
48033	fühlt		
48034	auf		
48035	eine		
48036	angenehme		
48037	Weise		
48038	,		
48039	daß		
48040	man	6325	(mention_id=6283|references=(entity=(entity_id=generic_0442|fullname=Freund allgemein|gender=u|specialcase_entity=generic)),(entity=(entity_id=entity_0006|fullname=Ottilie|gender=f)),(entity=(entity_id=generic_0419|fullname=Menschen allgemein 2|gender=u|specialcase_entity=generic)))
48041	zu		
48042	zweien		
48043	ist		
48044	und		
48045	doch		
48046	nicht		
48047	auseinander		
48048	kann		
48049	.		
48050	Man	6326	(mention_id=6284|references=(entity=(entity_id=entity_0006|fullname=Ottilie|gender=f)),(entity=(entity_id=generic_0420|fullname=Menschen allgemein 2|gender=u|specialcase_entity=generic)))
48051	unterhält		
48052	sich	6327	(mention_id=6285|references=(entity=(entity_id=entity_0006|fullname=Ottilie|gender=f)),(entity=(entity_id=generic_0421|fullname=Menschen allgemein 2|gender=u|specialcase_entity=generic)))
48053	manchmal		
48054	mit		
48055	einem		
48056	gegenwärtigen		
48057	Menschen	6328	(mention_id=6286|references=(entity=(entity_id=generic_0443|fullname=gegenwärtiger Mensch allgemein|gender=u|specialcase_entity=generic)))
48058	als		
48059	mit		
48060	einem		
48061	Bilde		
48062	.		
48063	Er	6329	(mention_id=6287|references=(entity=(entity_id=generic_0444|fullname=gegenwärtiger Mensch allgemein|gender=u|specialcase_entity=generic)))
48064	braucht		
48065	nicht		
48066	zu		
48067	sprechen		
48068	,		
48069	uns	6330	(mention_id=6288|references=(entity=(entity_id=generic_0422|fullname=Menschen allgemein 2|gender=u|specialcase_entity=generic)),(entity=(entity_id=entity_0006|fullname=Ottilie|gender=f)))
48070	nicht		
48071	anzusehen		
48072	,		
48073	sich	6331	(mention_id=6289|references=(entity=(entity_id=generic_0445|fullname=gegenwärtiger Mensch allgemein|gender=u|specialcase_entity=generic)))
48074	nicht		
48075	mit		
48076	uns	6332	(mention_id=6290|references=(entity=(entity_id=generic_0423|fullname=Menschen allgemein 2|gender=u|specialcase_entity=generic)),(entity=(entity_id=entity_0006|fullname=Ottilie|gender=f)))
48077	zu		
48078	beschäftigen		
48079	;		
48080	wir	6333	(mention_id=6291|references=(entity=(entity_id=generic_0424|fullname=Menschen allgemein 2|gender=u|specialcase_entity=generic)),(entity=(entity_id=entity_0006|fullname=Ottilie|gender=f)))
48081	sehen		
48082	ihn	6334	(mention_id=6292|references=(entity=(entity_id=generic_0446|fullname=gegenwärtiger Mensch allgemein|gender=u|specialcase_entity=generic)))
48083	,		
48084	wir	6335	(mention_id=6293|references=(entity=(entity_id=generic_0425|fullname=Menschen allgemein 2|gender=u|specialcase_entity=generic)),(entity=(entity_id=entity_0006|fullname=Ottilie|gender=f)))
48085	fühlen		
48086	unser	6336	(mention_id=6294|references=(entity=(entity_id=generic_0426|fullname=Menschen allgemein 2|gender=u|specialcase_entity=generic)),(entity=(entity_id=entity_0006|fullname=Ottilie|gender=f)))
48087	Verhältnis		
48088	zu		
48089	ihm	6337	(mention_id=6295|references=(entity=(entity_id=generic_0447|fullname=gegenwärtiger Mensch allgemein|gender=u|specialcase_entity=generic)))
48090	,		
48091	ja		
48092	sogar		
48093	unsere	6338	(mention_id=6296|references=(entity=(entity_id=generic_0427|fullname=Menschen allgemein 2|gender=u|specialcase_entity=generic)),(entity=(entity_id=entity_0006|fullname=Ottilie|gender=f)))
48094	Verhältnisse		
48095	zu		
48096	ihm	6339	(mention_id=6297|references=(entity=(entity_id=generic_0448|fullname=gegenwärtiger Mensch allgemein|gender=u|specialcase_entity=generic)))
48097	können		
48098	wachsen		
48099	,		
48100	ohne		
48101	daß		
48102	er	6340	(mention_id=6298|references=(entity=(entity_id=generic_0449|fullname=gegenwärtiger Mensch allgemein|gender=u|specialcase_entity=generic)))
48103	etwas		
48104	dazu		
48105	tut		
48106	,		
48107	ohne		
48108	daß		
48109	er	6341	(mention_id=6299|references=(entity=(entity_id=generic_0450|fullname=gegenwärtiger Mensch allgemein|gender=u|specialcase_entity=generic)))
48110	etwas		
48111	davon		
48112	empfindet		
48113	,		
48114	daß		
48115	er	6342	(mention_id=6300|references=(entity=(entity_id=generic_0451|fullname=gegenwärtiger Mensch allgemein|gender=u|specialcase_entity=generic)))
48116	sich	6343	(mention_id=6301|references=(entity=(entity_id=generic_0452|fullname=gegenwärtiger Mensch allgemein|gender=u|specialcase_entity=generic)))
48117	eben		
48118	bloß		
48119	zu		
48120	uns	6344	(mention_id=6302|references=(entity=(entity_id=generic_0428|fullname=Menschen allgemein 2|gender=u|specialcase_entity=generic)),(entity=(entity_id=entity_0006|fullname=Ottilie|gender=f)))
48121	wie		
48122	ein		
48123	Bild		
48124	verhält		
48125	.		
48126	Man		(mention_id=6303|references=(entity=(entity_id=entity_0006|fullname=Ottilie|gender=f)),(entity=(entity_id=generic_0429|fullname=Menschen allgemein 2|gender=u|specialcase_entity=generic)))
48127	ist		
48128	niemals		
48129	mit		
48130	einem		
48131	Porträt		
48132	zufrieden		
48133	von		
48134	Personen	6345	(mention_id=6304|references=(entity=(entity_id=generic_0453|fullname=Personen die man kennt|gender=u|specialcase_entity=generic)))
48135	,		
48136	die	6346	(mention_id=6305|references=(entity=(entity_id=generic_0454|fullname=Personen die man kennt|gender=u|specialcase_entity=generic)))
48137	man		
48138	kennt		
48139	.		
48140	Deswegen		
48141	habe		
48142	ich	6347	(mention_id=6306|references=(entity=(entity_id=entity_0006|fullname=Ottilie|gender=f)))
48143	die		
48144	Porträtmaler	6348	(mention_id=6307|references=(entity=(entity_id=generic_0455|fullname=Porträtmaler|gender=u|specialcase_entity=generic)))
48145	immer		
48146	bedauert		
48147	.		
48148	Man		
48149	verlangt		
48150	so		
48151	selten		
48152	von		
48153	den		
48154	Leuten	6349	(mention_id=6308|references=(entity=(entity_id=generic_0462|fullname=Menschen allgemein 3|gender=u|specialcase_entity=generic)))
48155	das		
48156	Unmögliche		
48157	,		
48158	und		
48159	gerade		
48160	von		
48161	diesen	6350	(mention_id=6309|references=(entity=(entity_id=generic_0456|fullname=Porträtmaler|gender=u|specialcase_entity=generic)))
48162	fordert		
48163	mans		
48164	.		
48165	Sie	6351	(mention_id=6310|references=(entity=(entity_id=generic_0457|fullname=Porträtmaler|gender=u|specialcase_entity=generic)))
48166	sollen		
48167	einem		
48168	jeden	6352	(mention_id=6311|references=(entity=(entity_id=generic_0463|fullname=Porträtierte|gender=u|specialcase_entity=generic)))
48169	sein	6353	(mention_id=6312|references=(entity=(entity_id=generic_0464|fullname=Porträtierte|gender=u|specialcase_entity=generic)))
48170	Verhältnis		
48171	zu		
48172	den		
48173	Personen	6354	(mention_id=6313|references=(entity=(entity_id=generic_0467|fullname=Personen die Porträtierte kennen|gender=u|specialcase_entity=generic)))
48174	,		
48175	seine	6355	(mention_id=6314|references=(entity=(entity_id=generic_0468|fullname=Personen die Porträtierte kennen|gender=u|specialcase_entity=generic)))
48176	Neigung		
48177	und		
48178	Abneigung		
48179	mit		
48180	in		
48181	ihr	6356	(mention_id=6315|references=(entity=(entity_id=generic_0458|fullname=Porträtmaler|gender=u|specialcase_entity=generic)))
48182	Bild		
48183	aufnehmen		
48184	;		
48185	sie	6357	(mention_id=6316|references=(entity=(entity_id=generic_0459|fullname=Porträtmaler|gender=u|specialcase_entity=generic)))
48186	sollen		
48187	nicht		
48188	bloß		
48189	darstellen		
48190	,		
48191	wie		
48192	sie	6358	(mention_id=6317|references=(entity=(entity_id=generic_0460|fullname=Porträtmaler|gender=u|specialcase_entity=generic)))
48193	einen		
48194	Menschen	6359	(mention_id=6318|references=(entity=(entity_id=generic_0465|fullname=Porträtierte|gender=u|specialcase_entity=generic)))
48195	fassen		
48196	,		
48197	sondern		
48198	wie		
48199	jeder	6360	
48200	ihn	6361	(mention_id=6319|references=(entity=(entity_id=generic_0466|fullname=Porträtierte|gender=u|specialcase_entity=generic)))
48201	fassen		
48202	würde		
48203	.		
48204	Es		
48205	nimmt		
48206	mich	6362	(mention_id=6320|references=(entity=(entity_id=entity_0006|fullname=Ottilie|gender=f)))
48207	nicht		
48208	wunder		
48209	,		
48210	wenn		
48211	solche		
48212	Künstler	6363	(mention_id=6321|references=(entity=(entity_id=generic_0461|fullname=Porträtmaler|gender=u|specialcase_entity=generic)))
48213	nach		
48214	und		
48215	nach		
48216	verstockt		
48217	,		
48218	gleichgültig		
48219	und		
48220	eigensinnig		
48221	werden		
48222	.		
48223	Daraus		
48224	möchte		
48225	denn		
48226	entstehen		
48227	,		
48228	was		
48229	wollte		
48230	,		
48231	wenn		
48232	man		
48233	nur		
48234	nicht		
48235	gerade		
48236	darüber		
48237	die		
48238	Abbildungen		
48239	so		
48240	mancher		
48241	lieben		
48242	und		
48243	teuren		
48244	Menschen	6364	(mention_id=6322|references=(entity=(entity_id=generic_0469|fullname=liebe und teure Menschen|gender=u|specialcase_entity=generic)))
48245	entbehren		
48246	müßte		
48247	.		
48248	Es		
48249	ist		
48250	wohl		
48251	wahr		
48252	,		
48253	die		
48254	Sammlung		
48255	des		
48256	Architekten	6365	(mention_id=6323|references=(entity=(entity_id=entity_0147|fullname=Architekt|gender=m)))
48257	von		
48258	Waffen		
48259	und		
48260	alten		
48261	Gerätschaften		
48262	,		
48263	die		
48264	nebst		
48265	dem		
48266	Körper		
48267	mit		
48268	hohen		
48269	Erdhügeln		
48270	und		
48271	Felsenstücken		
48272	zugedeckt		
48273	waren		
48274	,		
48275	bezeugt		
48276	uns	6366	(mention_id=6324|references=(entity=(entity_id=generic_0430|fullname=Menschen allgemein 2|gender=u|specialcase_entity=generic)),(entity=(entity_id=entity_0006|fullname=Ottilie|gender=f)))
48277	,		
48278	wie		
48279	unnütz		
48280	die		
48281	Vorsorge		
48282	des		
48283	Menschen	6367	(mention_id=6325|references=(entity=(entity_id=generic_0470|fullname=Mensch allgemein 4|gender=u|specialcase_entity=generic)))
48284	sei		
48285	für		
48286	die		
48287	Erhaltung		
48288	seiner	6368	(mention_id=6326|references=(entity=(entity_id=generic_0471|fullname=Mensch allgemein 4|gender=u|specialcase_entity=generic)))
48289	Persönlichkeit		
48290	nach		
48291	dem		
48292	Tode		
48293	.		
48294	Und		
48295	so		
48296	widersprechend		
48297	sind		
48298	wir	6369	(mention_id=6327|references=(entity=(entity_id=generic_0431|fullname=Menschen allgemein 2|gender=u|specialcase_entity=generic)),(entity=(entity_id=entity_0006|fullname=Ottilie|gender=f)))
48299	!		
48300	Der		
48301	Architekt	6370	(mention_id=6328|references=(entity=(entity_id=entity_0147|fullname=Architekt|gender=m)))
48302	gesteht		
48303	,		
48304	selbst		
48305	solche		
48306	Grabhügel		
48307	der		
48308	Vorfahren	6371	(mention_id=6329|references=(entity=(entity_id=entity_0220|fullname=Vorfahren von Menschen für die der Architekt gebaut hat|gender=u|specialcase_entity=group)))
48309	geöffnet		
48310	zu		
48311	haben		
48312	,		
48313	und		
48314	fährt		
48315	dennoch		
48316	fort		
48317	,		
48318	sich	6372	(mention_id=6330|references=(entity=(entity_id=entity_0147|fullname=Architekt|gender=m)))
48319	mit		
48320	Denkmälern		
48321	für		
48322	die		
48323	Nachkommen	6373	(mention_id=6331|references=(entity=(entity_id=entity_0219|fullname=Nachkommen von Menschen für die der Architekt baut|gender=u|specialcase_entity=group)))
48324	zu		
48325	beschäftigen		
48326	.		
48327	Warum		
48328	soll		
48329	man		
48330	es		
48331	aber		
48332	so		
48333	streng		
48334	nehmen		
48335	?		
48336	Ist		
48337	denn		
48338	alles		
48339	,		
48340	was		
48341	wir	6374	(mention_id=6332|references=(entity=(entity_id=generic_0432|fullname=Menschen allgemein 2|gender=u|specialcase_entity=generic)),(entity=(entity_id=entity_0006|fullname=Ottilie|gender=f)))
48342	tun		
48343	,		
48344	für		
48345	die		
48346	Ewigkeit		
48347	getan		
48348	?		
48349	Ziehen		
48350	wir	6375	(mention_id=6333|references=(entity=(entity_id=entity_0006|fullname=Ottilie|gender=f)),(entity=(entity_id=generic_0433|fullname=Menschen allgemein 2|gender=u|specialcase_entity=generic)))
48351	uns	6376	(mention_id=6334|references=(entity=(entity_id=entity_0006|fullname=Ottilie|gender=f)),(entity=(entity_id=generic_0434|fullname=Menschen allgemein 2|gender=u|specialcase_entity=generic)))
48352	nicht		
48353	morgens		
48354	an		
48355	,		
48356	um		
48357	uns	6377	(mention_id=6335|references=(entity=(entity_id=generic_0435|fullname=Menschen allgemein 2|gender=u|specialcase_entity=generic)),(entity=(entity_id=entity_0006|fullname=Ottilie|gender=f)))
48358	abends		
48359	wieder		
48360	auszuziehen		
48361	?		
48362	Verreisen		
48363	wir	6378	(mention_id=6336|references=(entity=(entity_id=generic_0436|fullname=Menschen allgemein 2|gender=u|specialcase_entity=generic)),(entity=(entity_id=entity_0006|fullname=Ottilie|gender=f)))
48364	nicht		
48365	,		
48366	um		
48367	wiederzukehren		
48368	?		
48369	Und		
48370	warum		
48371	sollten		
48372	wir	6379	(mention_id=6337|references=(entity=(entity_id=generic_0437|fullname=Menschen allgemein 2|gender=u|specialcase_entity=generic)),(entity=(entity_id=entity_0006|fullname=Ottilie|gender=f)))
48373	nicht		
48374	wünschen		
48375	,		
48376	neben		
48377	den		
48378	Unsrigen	6380	(mention_id=6338|references=(entity=(entity_id=generic_0472|fullname=die Unsrigen|gender=u|specialcase_entity=generic)))
48379	zu		
48380	ruhen		
48381	,		
48382	und		
48383	wenn		
48384	es		
48385	auch		
48386	nur		
48387	für		
48388	ein		
48389	Jahrhundert		
48390	wäre		
48391	?		
48392	Wenn		
48393	man		
48394	die		
48395	vielen		
48396	versunkenen		
48397	,		
48398	die		
48399	durch		
48400	Kirchgänger	6381	(mention_id=6339|references=(entity=(entity_id=generic_0473|fullname=Kirchgänger|gender=u|specialcase_entity=generic)))
48401	abgetretenen		
48402	Grabsteine		
48403	,		
48404	die		
48405	über		
48406	ihren		
48407	Grabmälern		
48408	selbst		
48409	zusammengestürzten		
48410	Kirchen		
48411	erblickt		
48412	,		
48413	so		
48414	kann		
48415	einem	6382	
48416	das		
48417	Leben		
48418	nach		
48419	dem		
48420	Tode		
48421	doch		
48422	immer		
48423	wie		
48424	ein		
48425	zweites		
48426	Leben		
48427	vorkommen		
48428	,		
48429	in		
48430	das		
48431	man	6383	
48432	nun		
48433	im		
48434	Bilde		
48435	,		
48436	in		
48437	der		
48438	Überschrift		
48439	eintritt		
48440	und		
48441	länger		
48442	darin		
48443	verweilt		
48444	als		
48445	in		
48446	dem		
48447	eigentlichen		
48448	lebendigen		
48449	Leben		
48450	.		
48451	Aber		
48452	auch		
48453	dieses		
48454	Bild		
48455	,		
48456	dieses		
48457	zweite		
48458	Dasein		
48459	verlischt		
48460	früher		
48461	oder		
48462	später		
48463	.		
48464	Wie		
48465	über		
48466	die		
48467	Menschen	6384	(mention_id=6340|references=(entity=(entity_id=generic_0474|fullname=Menschen allgemein 5|gender=u|specialcase_entity=generic)))
48468	,		
48469	so		
48470	auch		
48471	über		
48472	die		
48473	Denkmäler		
48474	läßt		
48475	sich		
48476	die		
48477	Zeit		
48478	ihr		
48479	Recht		
48480	nicht		
48481	nehmen		
48482	.		
