ID_general;fullname;gender;possible_identity;members;members_names;specialcase;borderline;comment_entity;ID_chapter_2;ID_chapter_3;ID_chapter_4;ID_chapter_5;ID_chapter_6;ID_chapter_7;ID_chapter_8;ID_chapter_9;ID_chapter_10;ID_chapter_11;ID_chapter_12;ID_chapter_13;ID_chapter_14;ID_chapter_15;ID_chapter_16;ID_chapter_17;ID_chapter_18;ID_chapter_19;ID_chapter_20;ID_chapter_21;ID_chapter_22;ID_chapter_23;ID_chapter_24;ID_chapter_25;ID_chapter_26
entity_0001;Christoph Armbruster;m;;;;;;;Christoph Armbruster;Christoph;Christoph Armbruster;Ammeries Vater;Ammeries Vater;Ammeries Vater;Christoph Armbruster;Christoph Armbruster;Christoph Armbruster;Ammeries Vater;Christoph;Christoph Armbruster;Christoph Armbruster;Christoph Armbruster;Christoph Armbruster;Christoph;Christoph Armbruster;Christoph Armbruster;Christoph Armbruster;Christoph Armbruster;Bürgermeister;Bürgermeister Armbruster;Christoph;;
entity_0002;Gontrud Hegewald;f;;;;;;;Gontrud Hegewald;Trudi;Trudi;Trudi;Trudi;Trudi;Trudi;Trudi;Trudi;Trudi ;Trudi;Trudi;Trudi;Trudi;Trudi Armbruster;Trudi;Trudi ;Trudi ;Trudi ;Trudi;Trudi;Trudi;Trudi;Trudi;
entity_0003;Magdalene Armbruster;f;;;;;;;Madlen Armbruster;Madlen ;Madlen;Madlen;Ammeries Mutter;Madlen;Madlen;;Madlen;Ammeries Mutter;Madlen;Madlen;;Madlen;Frau Armbruster;Madlen;Madlen Armbruster;Madlen;Madlen;Madlen;;;Madlen;Madlen;
entity_0004;Ammerie Armbruster;f;;;;;;;Ammerie;Ammerie;Ammerie;Ammerie;Ammerie;Ammerie;;;Ammerie;Ammerie;Ammerie;;;Ammerie;Ammerie;Ammerie;Ammerie Armbruster;Ammerie;Ammerie;Ammerie;Ammerie;;Ammerie;Ammerie;
entity_0005;Peter Armbruster;m;;;;;;;Peter Armbruster;;Peter Armbruster;;;;;;;;;;;Peter;;;Peter Armbruster;Peter;;Peter;Peter;Peter Armbruster;Peter Armbruster;;
entity_0006;Kaspar;m;;;;;;;Kaspar;Kaschper;Schneckenkaschper;;Schneckenkaschper;Schneckenkaschper;Kaspar;Kaschper;Kaspar;Kaschper;Kaspar;Schneckenkaschper;Kaspar;Schneckenkaschper;;;Kaspar;Kaspar;Kaspar;Kaspar;Kaspar;Schneckenkaschper;Kaspar;Kaspar;
entity_0007;Familie Armbruster;mf;;entity_0001,entity_0003,entity_0004,entity_0005,entity_0008,entity_0016,entity_0017;"Christoph Armbruster;Madlen Armbruster;Peter Armbruster;Ammerie Armbruster;Elsbeth Armbruster;Jüngerer Enkel von Christoph Armbruster;Älterer Enkel von Christoph Armbruster";group;;;Familie Armbruster;Familie Armbruster;Familie Armbruster;Familie Armbruster;Familie Armbruster;Familie Armbruster;Familie Armbruster;;Christoph Armbrusters Familie;Familie Armbruster;Familie Armbruster;;Familie Armbruster;Familie Armbruster;Familie Armbruster;Familie Armbruster;Familie Armbruster;Familie Armbruster;;Familie Armbruster;Familie Armbruster;;Familie Armbruster;Familie Armbruster;
entity_0008;Elsbeth Armbruster;f;;;;;;;Elsbeth;Elsbeth;Elsbeth;;;;;;;;Elsbeth;;;;;;Elsbeth;Elsbeth;;Elsbeth;;;Elsbeth;;
entity_0009;Franz Gersbacher;m;;;;;;;;;Franz;Franz Gersbacher;Franz Gersbacher;Franz;Franz;Franz Gersbacher;Franz;Franz;Franz;Franz;Franz Gersbacher;Franz Gersbacher;Franz Gersbacher;Franz;Franz Gersbacher;Franz;Franz Gersbacher;Franz;Franz;Franz;Franz;Christoph;
entity_0010;Steffen Gersbacher;m;;;;;;;;;Steffen;;Steffen Gersbacher;Steffen;;Steffen Gersbacher;;;Steffen;;;;;;Steffen Gersbacher;;;Steffen;Steffen;Steffen;Steffen;Steffen;
entity_0011;Agnete Gersbacher;f;;;;;;;;;Frau Gersbacher;;;Agnete;;Agnete Gersbacher;Franz' Mutter;;Frau Agnete;;;Agnete Gersbacher;Frau Gersbacher;Agnete Gersbacher;Agnete Gersbacher;;;;;Agnete;;Agnete;
entity_0012;Florian Gersbacher;m;;;;;;;Florian Gersbacher;;Florian Gersbacher;Gersbacher;Florian Gersbacher;Gersbacher;;Gersbacher (Vater);Florian Gersbacher;Gersbacher;Florian Gersbacher;;;Florian Gersbacher;Florian Gersbacher;Florian Gersbacher;Florian Gersbacher;;Florian Gersbacher;;;Florian Gersbacher;Florian Gersbacher;Florian Gersbacher;
entity_0013;Familie Gersbacher;mf;;entity_0009,entity_0010,entity_0011,entity_0012;Floran Gersbacher,Agnete Gersbacher,Steffen Gersbacher,Franz Gersbacher;group;;;;;Familie Gersbacher;Familie Gersbacher;Familie Gersbacher;Familie Gersbacher;;Familie Gersbacher;Familie Gersbacher;Familie Gersbacher;Familie Gersbacher;;;Familie Gersbacher;Familie Gersbacher;;;;;Familie Gersbacher;Familie Gersbacher;;Familie Gersbacher;Familie Gersbacher;
entity_0014;Lutz Hebenstreit;m;;;;;;;Lutz Hebenstreit;;Lutz Hebenstreit;;;Lutz;;;;;;Lutz Hebenstreit;Lutz Hebenstreit;Lutz Hebenstreit;;Lutz Hebenstreit;Lutz Hebenstreit;;Lutz;;;Lutz Hebenstreit;Lutz Hebenstreit;Lutz Hebenstreit;
entity_0015;Hammichel von Gimmeldingen;m;;;;;;;Großvater von Kaspar;;;;Hammichel;Hammichel;Hammichel von Gimmeldingen;Hammichel von Gimmeldingen;Hammichel;Hammichel;Hammichel;Hammichel;Hammichel;Hammichel;Hammichel;;Hammichel;Hammichel;Hammichel;Hammichel;Hammichel;Hammichel;;;
entity_0016;Älterer Enkel von Christoph Armbruster;m;;;;;;;Älterer Enkel von Christoph Armbruster;;;;;;;;;;;;;Christophs älterer Enkel;;;;;;;;;;;
entity_0017;Jüngerer Enkel von Christoph Armbruster;m;;;;;;;Jüngerer Enkel von Christoph Armbruster;;;;;;;;;;;;;Christophs jüngerer Enkel;;;;;;;;;;;
entity_0018;Reichsfreiherr Dietrich von Remchingen;m;;;;;;;Dietrich von Remchingen;Freiherr;;;;Reichsfreiherr;Dietrich von Remchingen;;;;Dieter von Remchingen;Dieter;Dieter von Remchingen;Freiherr;Dietrich von Remchingen;Freiherr von Remchingen;Reichsfreiherr;Dietrich von Remchingen;Dietrich von Remchingen;;;Dietrich von Remchingen;Freiherr von Remchingen;Freiherr von Remchingen;
entity_0019;Wachenheimer;mf;;entity_0007,entity_0013,entity_0026,entity_0014,x;"Lutz Hebenstreit;Florian Gersbacher;Pater Bumpus;Urschelx";group;;;Wachenheimer;Wachenheimer;Wachenheimer;;;Wachenheimer;;;;;Bewohner Wachenheims;Wachenheimer Bürger;Einwohner*innen von Wachenheim;Wachenheimer;Wachenheimer;Wachenheimer;Wachenheimer;Wachenheimer;Wachenheimer;;Wachenheimer;Einwohnerschaft Wachenheims;Stadtgemeinde;Wachenheimer;
entity_0020;Christophs Verbündete;mf;;entity_0014,entity_0042,x;Lutz Hebenstreit,ehrliche Weinbauern,x;group;;;;;;;;;;;;;;;Feinde von Hammichel;;;;gut gesinnte Wachenheimer;gut gesinnte Wachenheimer;;;Gegner Hammichels;ehrenwerte Bürgerschaft;;;
entity_0021;Christophs Gegner;mf;;entity_0015,entity_0043,x;Hammichel,Hammichels Weinbauern,x;group;;;Christophs Gegner;;;;;aufgehetzte Wachenheimer;;;;;;;Freunde von Hammichel;;;;Gegner des Bürgermeisters;;Feinde Armbrusters;;Parteigänger Hammichels;Mißvergnügte Einwohnerschaft Wachenheims;;;
entity_0022;Jakobine Steinecker;f;;;;;;;;;Jakobine;Jakobine;Jakobine;Jakobine;;Jakobine;Jakobine;Jakobine;Jakobine;Jakobine;Jakobine Steinecker;Jakobine Steinecker;Jakobine Steinecker;;Jakobine Steinecker;Jakobine;Jakobine;;;Jakobine Steinecker;;;
entity_0023;Adam Steinecker;m;;;;;;;;;;Steinecker;Adam Steinecker;Steinecker;;Steinecker (Vater);;Steinecker;;;Vater von Jakobine Steinecker;Adam Steinecker;Steinecker;;Steinecker;;;;;Adam Steinecker;;;
entity_0024;Wilm Steinecker;m;;;;;;;;;;;Wilm Steinecker;;;Wilm Steinecker;Wilm;;;;Wilm ;;Wilm Steinecker;;Wilm Steinecker;;Wilm;Wilm Steinecker;Wilm Steinecker;Wilm Steinecker;;;
entity_0025;Mutter Steinecker;f;;;;;;;;;;;Mutter Steinecker;;;;Jakobines Mutter;;;;;;Frau Steinecker;;;;;;;;;;
entity_0026;Familie Steinecker;mf;;entity_0022,entity_0023,entity_0024,entity_0025;Adam Steinecker,Wilm Steinecker,Jakobine Steinecker,Mutter Steinecker;group;;;;;;;;Familie Steinecker;;Familie Steinecker;Jakobines Familie;Familie Steinecker;Familie Steinecker;;;Familie Steinecker;Familie Steinecker;;Familie Steinecker;;;;Familie Steinecker;Familie Steinecker;;;
entity_0027;Vincenz Ebendorffer;m;;;;;;;;Vincenz Ebendorffer;;;;;;;;;;;;;;;Vinzenz Ebendorffer;Vinzenz Ebendorffer;Ebendorffer;Ebendorffer;Ebendorffer;Ebendorffer;Ebendorffer;Entführer;
entity_0028;Pankraz Dornhuber;m;;;;;;;;Pankraz Dornhuber;;;;;;;;Trudis Stiefvater;;;;;;;;Trudis Stiefvater;;;;;;;
entity_0029;Junker Ulrich von Remchingen;m;;;;;;;;;;;;Ulrich;;;Junker Ulrich von Remchingen;;Junker Ulrich;;Junker Ulrich;;Ulrich von Remchingen;Junker;;;Ulrich von Remchingen;;;Ulrich von Remchingen;;;
entity_0030;Schultheiß Gottfried Bofinger;m;;;;;;;;;;;;;Gottfried Bofinger;;;;;Schultheiß;;Schultheiß;Gottfried Bosinger;;Schultheiß;Gottfried Bofinger;;Gottfried Bofinger;Schultheiß;Schultheiß;;Schultheiß;
entity_0031;Hammichels Freund;m;;;;;;;;;;;;;Freund von Hammichel;;Hammichels Freund;;Freund Hammichels;Kumpan;Herr Sekretarius;;;;;;;;;;;;
entity_0032;Hilde Scheithauer;f;;;;;;;Hilde Scheithauer;Trudis Mutter;;;;;;;;;;;;;;Trudis Mutter;;Trudis Mutter;;;;;;;
entity_0033;Niklas;m;;;;;;;Niklas;;;;;;;;;;Niklas;;;;;;;;;;;;;Niklas;
entity_0034;Bertel Armbruster;f;;;;;;;Bertel;;;;;;;;;;;;;Bertel;;;;;;;;;;Bertel;
entity_0035;Hegewald;m;;;;;;;Vater von Gontrud Hegewald;Trudis Vater;;;;;;;;;;;;;;Trudis Vater;Trudis Vater;Trudis Vater;;;;;;;
entity_0036;Joseph Scheithauer;m;;;;;;;Joseph Scheithauer;;;;;;;;;;;;;;;;;;;;;;;;
entity_0037;Vater von C. Armbruster;m;;;;;;;Vater von Christoph Armbruster;;Vater von Christoph Armbruster;;;;Vater von Christoph Armbruster;;;;;Christoph Armbrusters Vater;;;;;;;;;;;;;
entity_0038;Vater von Madlen Armbruster;m;;;;;;;Vater von Madlen Armbruster;;;;;;;;;;;;;;;;;;;;;;;;
entity_0039;Kinder der Wachenheimer;u;;;;group;;;Kinder der Wachenheimer;;;;;;;;;;;;;;;;;;;;;;;;
entity_0040;Gott;m;;;;nonfact;;;;Gott;Gott;;Gott;;Gott ;;;;Gott;;;;Gott;;Gott;Gott;;Gott;;Gott;Gott;Gott;
entity_0041;Teufel;m;;;;nonfact;;;Teufel;Teufel;;;;Teufel;Teufel;;;;;Deibel;;Teufel;;Teufel;;;Teufel;;Teuffel;Deibel;;;
entity_0042;ehrliche Weinbauern;mf;;entity_0007,entity_0013,x;Familie Armbruster,Familie Gersbacher,x;group;;;;;;;;ehrliche Weinbauern;;;;;;;;;;;;;;;;;;;
entity_0043;Hammichels Weinbauern;mf;;entity_0026,entity_0046,entity_0231,entity_0228,x;Familie Steinecker,Merten Flachendag,Henning Buschard,Panscher,x;group;;;;;;;;Hammichels Weinbauern;;;;;;;;;;;;;;;;;;;
entity_0044;Wachenheimer Winzer;mf;;entity_0043,entity_0042;Hammichels Weinbauern,ehrliche Weinbauern;group;;;;;Winzer;Winzer;;Weinbauern;Winzer;;;;;;;;;;;;;;Winzer;;;;
entity_0045;Christophs Freunde;mf;;entity_0013,entity_0014,entity_0018,x;Familie Gersbacher,Lutz Hebenstreit,Dietrich von Remchingen,x;group;;;;;;;;Christophs Freunde;;;;;;;;;;;;Freunde Christophs;Freunde von Christoph Armbruster;;;;;Freunde Christophs;
entity_0046;Merten Flachendag;m;;;;;;;;;;;;Merten Fachendag;Merten Fachendag;;;;Merten Fachendag;Fachendag;Merten Fachendag;Merten Flachendag;;;;;;;;;;;
entity_0047;Kurfürst Karl Ludwig;m;;;;;;;Karl Ludwig;;;;;;Pfalzgraf;;;;;Pfalzgraf;Pfalzgraf;;Karl Ludwig;Pfalzgraf;Pfalzgraf;;Pfalzgraf;;;Pfalzgraf;Pfalzgraf Karl Ludwig;Pfalzgraf Karl Ludwig;
entity_0048;Urschel;f;;;;;;;Urschel;;;;;;;;;;;;;;;;;;;;;;;;
entity_0049;Sohn von Christoph und Madlen Armbruster;m;;;;;;;Sohn von Christoph und Madlen Armbruster;;;;;;;;;;;;;;;;;;;;;;;;
entity_0050;Hans Kaub;m;;;;;;;Hans Kaub;;;;;;;;;;;;;;;;;;;;;;;;
entity_0051;Bärbele Armbruster;f;;;;;;;Bärbele;;Bärbele;;;;;;;;;;;;;;;;;;;;;;
entity_0052;Pater Bumpus;m;;;;;;;Pater Bumpus;;;;;;;;;;;;;;;;Pfarrer;;;;;;;Pfarrer;
entity_0053;Konrad II. der Salier;m;;;;;;;Konrad II.;;;;;;;;;;;;;;;;;;;;;;;;
entity_0054;Herzog Christian von Braunschweig;m;;;;;;;Christian von Braunschweig;;;;;;;;;;;;;;;;;;;;;;;;
entity_0055;Bertels Zimmermeister;m;;;;;;;Bertels Zimmermeister;;;;;;;;;;;;;;;;;;;;;;;Bertels Mann;
entity_0056;Abt von Bronnbach;m;;;;;;;Abt;;;;;;;;;;;;;;;;Abt von Bronnbach;Abt von Bronnbach;;Abt;;;;;
entity_0057;Markgraf Albrecht Alcibiades von Brandenburg;m;;;;;;;Albrecht Alcibiades von Brandenburg;;;;;;;;;;;;;;;;;;;;;;;;
entity_0058;Großvater Armbruster;m;;;;;;;Großvater von Christoph Armbruster;;;;;;;;;;;Christoph Armbrusters Großvater;;;;;;;;;;;;;
entity_0059;Friedrich der Siegreiche;m;;;;;;;Friedrich der Siegreiche;;;;;;;;;;;;;;;;;;;;;;;;
entity_0060;Graf Ernst von Mansfeld;m;;;;;;;Ernst von Mansfeld;;;;;;;;;;;;;;;;;;;;;;;;
entity_0061;Kirchenbesucher;u;;;;group;;;Kirchenbesucher;;;;;;;;;;;;;;;;;;;;;;;;
entity_0062;Hundebesitzer;u;;;;nonfact;;;Hundebesitzer;;;;;;;;;;;;;;;;;;;;;;;;
entity_0063;Hegewalds Häscher;m;;;;;;;Hegewalds Häscher;;;;;;;;;;;;;;;;;;;;;;;;
entity_0064;Landsknechte des Markgrafen Albrecht Alcibiades von Brandenburg;m;;;;group;;;Landsknechte des Markgrafen Albrecht Alcibiades von Brandenburg;;;;;;;;;;;;;;;;;;;;;;;;
entity_0065;Knecht von Hans Kaub;m;;;;;;;Knecht von Hans Kaub;;;;;;;;;;;;;;;;;;;;;;;;
entity_0066;Mutter von Kaspar;f;;;;;;;Mutter von Kaspar;;;;;Hammichels Tochter;;;;;;Hammichels Tochter;;;;;;;;;;;;;
entity_0067;Johann T’Serclaes von Tilly;m;;;;;;;Tilly;;;;;;;;;;;;;;;;;;;;;;;;
entity_0068;Vater von Kaspar;m;;;;;;;Vater von Kaspar;;;;;Schneckenkaschpers Vater;;;;;;;;;;;;;;;;;;;
entity_0069;Äbte;m;;entity_0056,x;Abt von Bronnbach;group;;;Äbte;;;;;;;;;;;;;;;;;;;;;;;;
entity_0070;Wirtin;f;;;;;;;;Wirtin;;;;;;;;;;;;;;;;;;;;;;;
entity_0071;gute Menschen;mf;;entity_0076,entity_0070,entity_0076,entity_0006,;Wirtin,Schifferfrau,Brigittenschwestern,Kaschper;group;;;;gute Menschen;;;;;;;;;;;;;;;;;;;;;;;
entity_0072;Pankraz' Sohn;m;;;;;;;;Pankraz' Sohn;;;;;;;;;;;;;;;;;;;;;;;
entity_0073;Honoratioren der Winzergilde;m;;;;group;;;;Honoratioren der Winzergilde;;;;;;;;;;;;;;;;;;;;;;;
entity_0074;Handwerksmeister;m;;;;group;;;;Handwerksmeister;;;;;;;;;;;;;;;;;;;;;;;
entity_0075;Hofbesitzer;m;;entity_0001,x;Christoph,x;group;;;;Hofbesitzer;;;;;;;;;;;;;;;;;;;;;;;
entity_0076;Brigittenschwestern;f;;;;group;;;;Brigittenschwestern;;;;;;;;;;;;;;;;;;;;;;;
entity_0077;Meier des Klosterhofes;m;;;;;;;;Meier des Klosterhofes;;;;;;;;;;;;;;;;;;;;;;;
entity_0078;Streitende im Gasthaus;u;;;;group;;;;Streitende im Gasthaus;;;;;;;;;;;;;;;;;;;;;;;
entity_0079;Kirchgänger;u;;;;;;;;Kirchgänger;;;;;;;;;;;;;;;;;;;;;;;
entity_0080;Kinder in Trudis Kindheit;u;;;;group;;;;Kinder in Trudis Kindheit;;;;;;;;;;;;;;;;;;;;;;;
entity_0081;Menschen;u;;;;generic, group;;;;Menschen;;;;;;;;;;;;;;;;;;;;;;;
entity_0082;Ritter Sankt Georg;m;;;;;;;;Ritter Sankt Georg;;;;;;;;;;;;;;;;;;;;;;Ritter Sankt Georg;
entity_0083;Schifferfrau;f;;;;;;;;Schifferfrau;;;;;;;;;;;;;;;;;;;;;;;
entity_0084;Trudis Eltern;mf;;entity_0032,entity_0035;Trudis Vater,Trudis Mutter;group;;;;Trudis Eltern;;;;;;;Trudis Eltern;;;;;;;;;;;;;;;;
entity_0085;Wachenheimer Frauen;f;;entity_0004,entity_0002,entity_0003,entity_0011,entity_0022,x;Madlen,Ammerie,Trudi,Jakobine,Agnete,x;group;;;;Wachenheimer Frauen;;;Wachenheimerinnen;Wachenheimerinnen;;;;;;;;;;;;;;;;;;;
entity_0086;Winzergilde;m;;entity_0073,x;"Honoratioren der Winzergilde;x";group;;;;Winzergilde;;;;;;;;;;;;;;;;;;;;;;;
entity_0087;geistlicher Herr;m;;;;;;;;geistlicher Herr;;;;;;;;;;;;;;;;;;;;;;;
entity_0088;Vorfahren von Christoph Armbruster;mf;;entity_0058,entity_0037,x;"Großvater von Christoph Armbruster;Vater von Christoph Armbruster;x";group;;;;;Vorfahren von Christoph Armbruster;;;;;;;;;;;;;;;;;;;;;;
entity_0089;Schwaben;u;;;;generic, group;;;;;Schwaben;;;;;;;;;;;;;;;;;;;;;;
entity_0090;Jungfrau;f;;;;generic;;;;;Jungfrau;;;;;;;;;;;;;;;;;;;;;;
entity_0091;Geleitende;u;;;;group;;;;;Geleitende;;;;;;;;;;;;;;;;;;;;;;
entity_0092;befreundete Winzerfamilien;mf;;entity_0007,entity_0013,x;"Familie Armbruster;Familie Gersbacher;x";group;;;;;befreundete Winzerfamilien;;;;;;;;;;;;;;;;;;;;;;
entity_0093;Bürgermeister;m;;;;generic;;;;;Bürgermeister;;;;;;;;;;;;;;;;;;;;;;
entity_0094;Umschwärmende;u;;;;;;;;;Umschwärmende;;;;;;;;;;;;;;;;;;;;;;
entity_0095;Anwesende;u;;;;;;;;;Anwesende;;;;;;;;;;;;;;;;;;;;;;
entity_0096;Feldnachbarn;m;;;;group;;;;;Feldnachbarn;;;;;;;;;;;;;;;;;;;;;;
entity_0097;Dürkheimer;u;;;;group;;;;;Dürkheimer;;;;;;;;;;;;;;;;;;;;;;
entity_0098;Gemeinde;u;;;;generic;;;;;Gemeinde;;;;;;;;;;;;;;;;;;;;;;
entity_0099;Gesinde;u;;entity_0203,x;"Knecht;x";group;;;;;Gesinde;;;;;;;;;;;;;;;;;;;;;;
entity_0100;Dionysos;m;;;;nonfact;;;;;Dionysos;;;;;;;;;;;;;;;;;;;;;;
entity_0101;Mitbürger von Christoph Armbruster;u;;;;;;;;;Mitbürger von Christoph Armbruster;;;;;;;;;;;;;;;;;;;;;;
entity_0102;Kronenwirt;m;;;;;;;;;Kronenwirt;;;;;;;;;;;;;;;;;;;Kronenwirt;;;
entity_0103;Knecht;m;;;;;;;;;Knecht;;;;;;;;;;;;;;;;;;;;;;
entity_0104;Würzburger;u;;entity_0105,x;Würzburger Winzer;group;;;;;;Würzburger;Würzburger;;;;;;;;;;;;;;;;;;;;
entity_0105;Würzburger Winzer;mf;;entity_0001,x;Trudi,x;group;;;;;;Würzburger Winzer;;;;;;;;;;;;;;;;;;;;;
entity_0106;Mann;m;;;;generic, nonfact;;;;;;Mann;;;;;;;;;;;;;;;;;;;;;
entity_0107;Pfälzer;u;;entity_0138;Pälzer Jugend;group;;;;Pfälzer;;Pfälzer;Pfälzer;;;;;;Pfälzer;;;Pfälzer;;;Pfälzer;;Pfälzer;;;;;;
entity_0108;Burschen;m;;;;group;;;;;;;Burschen;Burschen;;;;;;;;;;;;Burschen;;;;;;;
entity_0109;Spinnerin;f;;;;nonfact;;;;;;;Spinnerin;;;;;;;;;;;;;;;;;;;;
entity_0110;Mädels;f;;;;group, nonfact;;;;;;;Mädels;;;;;;;;;;;;;;;;;;;;
entity_0111;Anwesende;mf;;entity_0131,entity_0108,entity_0009,entity_0022,entity_0010,entity_0024,x;Altersgenossinnen,Burschen,Franz Gersbacher,Wilm Steinecker,Steffen Gersbacher,Jakobine,x;group;;;;;;;Anwesende;;;;;;;;;;;;;;;;;;;;
entity_0112;Hubert Lingenfelder;m;;;;;;;;;;;Hubert Lingenfelder;;;;;;;;;;;;;;;;;;;;
entity_0113;Liebster der Spinnerin;m;;;;nonfact;;;;;;;Liebster der Spinnerin;;;;;;;;;;;;;;;;;;;;
entity_0114;Paare;mf;;entity_0116,entity_0117,entity_0112,entity_0124,entity_0126,entity_0121;Ludolf Kernberger,Sophie Lingenfelder,Lebrecht Obenauer,Lina Buschard,Gustel Breitinger,Hubert Lingenfelder;group;;;;;;;Paare;;;;;;;;;;;;;;;;;;;;
entity_0115;Buben;m;;;;nonfact;;;;;;;Buben;;;;;;;;;;;;;;;;;;;;
entity_0116;Gustel Breitinger;f;;;;;;;;;;;Gustel Breitinger;;;;;;;;;;;;;;;;;;;Gustel Breitinger;
entity_0117;Sophie Lingenfelder;f;;;;;;;;;;;Sophie Lingenfelder;;;;;;;;;;;;;;;;;;;;
entity_0118;Junggesellen;m;;;;group;;;;;;;Junggesellen;;;;;;;;;;;;;;;;;;;;
entity_0119;Ferdinand Klinkmüller;m;;;;;;;;;;;Ferdinand Klinkmüller;;;;;;;;;;;;;;;;;;;;
entity_0120;Auserwählte der Burschen;f;;;;group;;;;;;;Auserwählte der Burschen;;;;;;;;;;;;;;;;;;;;
entity_0121;Ludolf Kernberger;m;;;;;;;;;;;Ludolf der Schöne;;;;;;;;;;;;;;;;;;;;
entity_0122;Winzerbub;m;;;;nonfact;;;;;;;Winzerbub;;;;;;;;;;;;;;;;;;;;
entity_0123;Böse;u;;;;nonfact;;;;;;;Böse;;;;;;;;;;;;;;;;;;;;
entity_0124;Lina Buschard;f;;;;;;;;;;;Lina Buschard;;;;;;;;;;;;;;;;;;;;
entity_0125;Mädchen;f;;;;nonfact ;;;;;;;Mädchen;;;;;;;;;;;;;;;;;;;;
entity_0126;Lebrecht Obenauer;m;;;; ;;;;;;;Lebrecht Obenauer;;;;;;;;;;;;;;;;;;;;
entity_0127;Spinnerinnen;f;;entity_0120;Auserwählte der Burschen;group;;;;;;;Spinnerinnen;;;;;;;;;;;;;;;;;;;;
entity_0128;Mann;m;;; ;generic, nonfact;;;;;;;Mann;;;;;;;;;;;;;;;;;;;;
entity_0129;Ammeries Schatz;m;;;;nonfact;;;;;;;Ammeries Schatz;;;;;;;;;;;;;;;;;;;;
entity_0130;Gaubauern;m;;;;group;;;;;;;Gaubauern;;;;;;;;;;;;;;;;;;;;
entity_0131;Altersgenossinnen;f;;;;group;;;;;;;Altersgenossinnen;;;;;;;;;;;;;;;;;;;;
entity_0132;Wandergesell;m;;;;nonfact;;;;;;;Wandergesell;;;;;;;;;;;;;;;;;;;;
entity_0133;Kind;u;;;;nonfact;;;;;;;Kind;;;;;;;;;;;;;;;;;;;;
entity_0134;Sprecher;m;;;; ;;;;;;;Sprecher;;;;;;;;;;;;;;;;;;;;
entity_0135;Mütter;f;;;;group;;;;;;;Mütter;;;;;;;;;;;;;;;;;;;;
entity_0136;Bursche;m;;;; ;;;;;;;Bursche;;;;;;;;;;;;;;;;;;;;
entity_0137;Schmiedemeister Obenauer;m;;;;;;;;;;;Schmiedemeister;;;;;;;;;;;;;;;;;;;;
entity_0138;Pfälzer Jugend;mf;;entity_0143,entity_0118;junge Pfälzer Mädchen,Junggesellen;group;;;;;;;Pfälzer Jugend;;;;;;;;;;;;;;;;;;;;
entity_0139;Tanzmeister;m;;; ;generic, nonfact;;;;;;;Tanzmeister;;;;;;;;;;;;;;;;;;;;
entity_0140;Teilnehmer der Spinnstube;mf;;entity_0115,entity_0127,x;Spinnerinnen,Buben,x;group;;;;;;;Teilnehmer der Spinnstube;;;;;;;;;;;;;;;;;;;;
entity_0141;Todfeindin;f;;;;nonfact;;;;;;;Todfeindin;;;;;;;;;;;;;;;;;;;;
entity_0142;Zechbrüder;m;;;;group;;;;;;;Zechbrüder;;;;;;;;;;;;;;;;;;;;
entity_0143;junge Pfälzer Mädchen;f;;entity_0144,x;Wachenheimer Mädchen,x;group;;;;;;;junge Pfälzer Mädchen;;;;;;;;;;;;;;;;;;;;
entity_0144;Wachenheimer Mädchen;f;;;;;;;;;;;;Wachenheimer Mädchen;;;;;;;;;;;;;;;;;;;
entity_0145;ältere Männer;m;;;;;;;;;;;;ältere Männer;;;;;;;;;;;;;;;;;;;
entity_0146;Mädchen;f;;;;generic, group;;;;;;;;Mädchen;;;;;;;;;;;;;;;;;;;
entity_0147;Apotheker;m;;;;;;;;;;;;Apotheker;;;;;;;;;;;;;;;;;;;
entity_0148;Winzer Spinnstube;m;;;;group;;Winzer Spinnstube;;;;;;Winzer;;;;;;;;;;;;;;;;;;;
entity_0149;Fahrende;u;;entity_0015,entity_0147,x;Apotheker,Hammichel,x;group;;;;;;;;Fahrende;;;;;;;;;;;;;;;;;;;
entity_0150;Abnehmer;u;;;;group;;;;;;;;Abnehmer;;;;;;;;;;;;;;;;;;;
entity_0151;Anwesende;mf;;;;group;;;;;;;;Anwesende;;;;;;;;;;;;;;;;;;;
entity_0152;Anwesende Armbruster;mf;;entity_0002,entity_0006,entity_0007,entity_0013,entity_0014;Familie Armbruster,Familie Gersbacher,Schneckenkaschper,Trudi,Lutz Hebenstreit,x;group;;;;;;;;Anwesende Armbruster;;;;;;;;;;;;;;;;;;;
entity_0153;Anwesende Spinnstube;mf;;;;group;;;;;;;;Anwesende Spinnstube;;;;;;;;;;;;;;;;;;;
entity_0154;Weibliche Jugend;f;;entity_002,entity_0004,entity_0022,x;Trudi,Ammerie,Jakobine,x;group;;;;;;;;Weibliche Jugend;;;;;;;;;;;;;;;;;;;
entity_0155;Mütter;f;;;;generic, group;;;;;;;;Mütter;;;;;;;;;;;;;;;;;;;
entity_0156;Ehrliche Gimmeldinger;u;;;;group;;;;;;;;Ehrliche Gimmeldinger;;;;;;;;;;;;;;;;;;;
entity_0157;Hammichels Frau;f;;;;;;;;;;;;Hammichels Frau;;;;;;;;;;;;;;;;;;;
entity_0158;Gimmeldinger;mf;;entity_0154,x;Ehrliche Gimmeldinger,x;group;;;;;;;;Gimmeldinger;;;;;;;;;;;;;;;;;;;
entity_0159;Bauerndirn;f;;;;generic;;;;;;;;Bauerndirn;;;;;;;;;;;;;;;;;;;
entity_0160;Anwesende bei Gersbacher;mf;;entity_0002,entity_0013,entity_0145,entity_0108,entity_0022,entity_0007,entity_0154,x;Ältere Männer,weibliche Jugend,Familie Armbruster,Trudi,Burschen,Jakobine,Familie Gersbacher,x;group;;;;;;;;Anwesende bei Gersbacher;;;;;;;;;;;;;;;;;;;
entity_0161;Neidische Mädchen;f;;;;group;;;;;;;;Neidische Mädchen;;;;;;;;;;;;;;;;;;;
entity_0162;Partnerin;f;;;;;;;;;;;;Partnerin;;;;;;;;;;;;;;;;;;;
entity_0163;Musikanten;u;;;;group;;;;;;;;Musikanten;;;;;;;;;;;;;;;;;;;
entity_0164;Trudis Familie;mf;;entity_0028,entity_0032;Trudis Mutter,Bruder,Stiefvater;group;;;;;;;;Trudis Familie;;;;;;;;;;;;;;;;;;;
entity_0165;nicht Eingeweihte;mf;;entity_0001,entity_0003,entity_0005,entity_0008,entity_0010,entity_0011,entity_0012;Madlen,Christoph,Steffen,Elsbeth,Peter,Agnete,Gersbacher;group;;;;;;;;nicht Eingeweihte;;;;;;;;;;;;;;;;;;;
entity_0166;Wildfang;u;;;;generic;;;;;;;;;Wildfang;;;;;;Wildfang;Wildfang;Wildfänge;Wildfang;;;;;;;;;
entity_0167;Nachjagender Herr;m;;;;generic;;;;;;;;;Nachjagender Herr;;;;;;;;;;nachjagender Herr;;;;;;;;
entity_0168;Landesherr;m;;;;generic;;;;;;;;;Landesherr;;;;;;;;;;;;;;;;;;
entity_0169;Vogt;m;;;;generic;;;;;;;;;Vogt;;;;;Vogt;;;;;;;;;;;;;
entity_0170;Verwandte von Merten Fachendag;u;;;;;;;;;;;;;Verwandte von Merten Fachendag;;;;;;;;;;;;;;;;;;
entity_0171;Außenfaut;m;;;;generic;;;;;;;;;Außenfaut;;;;;;;;Faute;;;;;;;;;;
entity_0172;Hühner-und Außenfaut Lippert Wallmann;m;;;;;;;;;;;;;Hühnerfaut;;;;;Faut;;Faut;Lippert Wallmann;Faut;;Hühnerfaut;;;;;;;
entity_0173;Betroffene vom Wildfangrecht;u;;;;group;;;;;;;;;Betroffene vom Wildfangrecht;;;;;;;;;;;;;;;;;;
entity_0174;Amtsvorgänger von Gottfried Bofinger;m;;;;;;;;;;;;;Amtsvorgänger von Gottfried Bofinger;;;;;;;;;;;;;;;;;;
entity_0175;Fragender;u;;;;;;;;;;;;;Fragender;;;;;;;;;;;;;;;;;;
entity_0176;Kaiser;m;;;;generic;;;;;;;;;Kaiser;;;;;;;;Kaiser;;;;;;;;;;
entity_0177;Landesfürst;m;;;;generic;;;;;;;;;Landesfürst;;;;;;;;;;;;;;;;;;
entity_0178;König Wenzel;m;;;;;;;;;;;;;König Wenzel;;;;;;;;;;;;;;;;;;
entity_0179;Maximilian der Erste;m;;;;;;;;;;;;;Maximilian der Erste;;;;;;;;;;;;;;;;;;
entity_0180;Mensch;u;;;;;;;;;;;;;Mensch;;;;;;;;;;;;;;;;;;
entity_0181;Reichsvikarius;m;;;;;;;;;;;;;Reichsvikarius;;;;;;;;;;;;;;;;;;
entity_0182;Wirtschafterin;f;;;;;;;;;;;;;Wirtschafterin;;;;;;;;;;;;;;;;;;
entity_0183;jemand;u;;;;generic;;;;;;;;;jemand;;;;;;;;;;;;;;;;;;
entity_0184;Hexe;f;;;;nonfact;;;;;;;;;;Hexe;;;;;;;;;;;;;;;;;
entity_0185;Wandergenosse;m;;;;;;;;;;;;;;Wandergenosse;;;;;;;;;;;;;;;;;
entity_0186;Trudis Verwandte;u;;entity_0084,x;Trudis Eltern,x;group;;;;;;;;;;;Trudis Verwandte;;;;;;;;;Trudis Verwandte;;;;;;;
entity_0187;Ammeries Verwandtschaft;u;;entity_0007,entity_0013;Familie Armbruster,Familie Gersbacher;group;;;;;;;;;;;;Ammeries Verwandtschaft;;;;;;;;;;;;;;;
entity_0188;Bader;m;;;;;;;;;;;;;;;;;Bader;;;;;;;;;Bader;;;;;
entity_0189;Frauen;f;;;;group,generic;;;;;;;;;;;;;Frauen;;;;Frauen;;;;;;;;;;
entity_0190;Mädchen;f;;;;group,generic;;;;;;;;;;;;;Mädchen;;;;;;;;;;;;;;
entity_0191;Kaspars Freunde;u;;;;group;;;;;;;;;;;;;Kaspars Freunde;;;;;;;;;;;;;;
entity_0192;Männer;m;;;;group;;;;;;;;;;;;;Männer;;;;;;;;;;;;;;
entity_0193;Nachbarn;u;;;;group;;;;;;;;;;;;;Nachbarn;;;;;;;;;;;;;;
entity_0194;Spielleute;u;;;;generic, group;;;;;;;;;;;;;;;Spielleute;;;;;;;;;;;;
entity_0195;Bettler;m;;;;generic;;;;;;;;;;;;;;;Bettler;;;;;;;;;;;;
entity_0197;Karl der Große;m;;;;;;;;;;;;;;;;;;;Karl der Große;;;;;;;;;;;;
entity_0198;Kaiser Rotbart;m;;;;;;;;;;;;;;;;;;;Kaiser Rotbart;;;;;;;;;;;;
entity_0199;Magd;f;;;;generic;;;;;;;;;;;;;;;Magd;;;;;;;;;;;;
entity_0200;Gäste;u;;;;group;;;;;;;;;;;;;;;;Gäste;;;;;;;;;;;
entity_0201;Madlens Familie;u;;entity_0002,entity_0032,x;Hilde Scheithauer,Gontrud Hegewald,x;group;;;;;;;;;;;;;;;;Madlens Familie;;;;;;;;;;;
entity_0202;Bischof von Speyer;m;;;;;;;;;;;;;;;;;;;;;Bischof von Speyer;;;;Bischof von Speyer;;;;;;
entity_0203;Knecht;m;;;;;;;;;;;;;;;;;;;;;Knecht;;;;;;;;;;
entity_0204;ehemalige Freunde Steineckers;mf;;entity_0013,x;Familie Gersbacher,x;group; ;;;;;;;;;;;;;;;;ehemalige Freunde Steineckers;;;;;;;;;;
entity_0205;Bewohner des Hauses;mf;;;;;;;;;;;;;;;;;;;;;Bewohner des Hauses;;;;;;;;;;
entity_0206;Bischöfe von Speyer;m;;entity_0202,x;Bischopf von Speyer,x;group; ;;;;;;;;;;;;;;;;Bischöfe von Speyer;;;;;;;;;;
entity_0207;Gäste;u;;;;;;;;;;;;;;;;;;;;;Gäste;;;;;;;;;;
entity_0208;Mutter von Ulrich von Remchingen;f;;;;;;;;;;;;;;;;;;;;;Mutter von Ulrich von Remchingen;;;;;;;;;;
entity_0209;Kinder von Franz und Trudi;u;;;;group, nonfact;;;;;;;;;;;;;;;;;;Kinder von Franz und Trudi;;;;;;;;;
entity_0210;Familienmitglieder;u;;;;;;;;;;;;;;;;;;;;;;Familienmitglieder;;;;;;;;;
entity_0211;Knechte;m;;;;generic, group;;;;;;;;;;;;;;;;;;Knechte;;;;;;;;;
entity_0212;Mägde;f;;;;generic, group;;;;;;;;;;;;;;;;;;Mägde;;;;;;;;;
entity_0213;Vögte des Pfalzgrafen;m;;;;group;;;;;;;;;;;;;;;;;;Vögte des Pfalzgrafen;;;;;;;;;
entity_0214;Echte Gersbacher;m;;entity_0009,entity_0010,entity_0012,x;Florian Gersbacher,Franz Gersbacher,Steffen Gersbacher,x;group;;;;;;;;;;;;;;;;;;;Echte Gersbacher;;;;;;;;
entity_0215;Hörige;u;;;;generic;;;;;;;;;;;;;;;;;;;Hörige;;;;;;;;
entity_0216;Spieler;m;;;;;;;;;;;;;;;;;;;;;;;Spieler;;;;;;;;
entity_0217;Bischof von Würzburg;m;;;;;;;;;;;;;;;;;;;;;;;;Bischof von Würzburg;Bischof von Würzburg;Bischof von Würzburg;;;;;
entity_0218;Nürnberger;u;;;;generic, group;;;;;;;;;;;;;;;;;;;;Nürnberger;;;;;;;
entity_0219;Torwart;m;;;;;;;;;;;;;;;;;;;;;;;;;Torwart;;;;;;
entity_0220;Wirt;m;;;;;;;;;;;;;;;;;;;;;;;;;Wirt;;;;;;
entity_0221;Würzburger Herren;m;;entity_0027,entity_0056,entity_0217;Ebendorffer,Abt von Bronnbach,Bischof von Würzburg,x;generic, group;;;;;;;;;;;;;;;;;;;;;Würzburger Herren;;;;;;
entity_0222;Fährmann;m;;;;;;;;;;;;;;;;;;;;;;;;;Fährmann;;;;;;
entity_0223;Schließer;m;;;;;;;;;;;;;;;;;;;;;;;;;;Schließer;;;;;
entity_0224;Menschenmenge;u;;entity_0044,entity_0225,x;Menschenmenge auf Trudis Seite,Winzer,x;group;;;;;;;;;;;;;;;;;;;;;;;Menschenmenge;;;;
entity_0225;Menschenmenge auf Trudis Seite;u;;;;;;;;;;;;;;;;;;;;;;;;;;;Menschenmenge auf Trudis Seite;;;;
entity_0226;Menge;u;;entity_0020,entity_0021,x;Gegner Hammichels,Parteigänger Hammichels;group;;;;;;;;;;;;;;;;;;;;;;;Menge;;;;
entity_0227;Büttel;u;;;;;;;;;;;;;;;;;;;;;;;;;;;Büttel;;;;
entity_0228;Panscher;m;;entity_0015,entity_0231,x;Hammichel,Henning Buschard,x;generic, group;;;;;;;;;;;;;;;;;;;;;;;Panscher;Panscher;;;
entity_0229;Schöffen;m;;;;group;;;;;;;;;;;;;;;;;;;;;;;Schöffen;Schöffen;;;
entity_0230;Turmwächter;m;;;;;;;;;;;;;;;;;;;;;;;;;;;Turmwächter;;;;
entity_0231;Henning Buschard;m;;;;;;;;;;;;;;;;;;;;;;;;;;;;Buschard;;;
entity_0232;Gemeinderat;m;;;;group;;;;;;;;;;;;;;;;;;;;;;;;Väter der Stadt;;Mitglieder des Gemeinderats;
entity_0233;Stammgäste;m;;entity_0252,entity_0228,x;Winzer,Panscher,x;group;;;;;;;;;;;;;;;;;;;;;;;;Stammgäste;;;
entity_0234;Abnehmer der Panscher;m;;;;group;;;;;;;;;;;;;;;;;;;;;;;;Abnehmer der Panscher;;;
entity_0235;Zecher;m;;;;;;;;;;;;;;;;;;;;;;;;;;;;Zecher;;;
entity_0236;Hofkammerräte;m;;;;group;;;;;;;;;;;;;;;;;;;;;;;;;Hofkammerräte;;
entity_0237;Fürsten;m;;;;generic, group;;;;;;;;;;;;;;;;;;;;;;;;;Fürsten;;
entity_0238;Anwesende im Zimmer;u;;;;group;;;;;;;;;;;;;;;;;;;;;;;;;Anwesende im Zimmer;;
entity_0239;pfälzische Kinder;u;;;;generic, group;;;;;;;;;;;;;;;;;;;;;;;;;pfälzische Kinder;;
entity_0240;versammelte Bürger*innen;mf;;entity_0240,entity_0241,entity_0250,entity_0251,x;versammelte Männer,Frauen,Mädchen,Burschen,x;group;;;;;;;;;;;;;;;;;;;;;;;;;;versammelte Bürger*innen;
entity_0241;Mädchen;f;;;;group;;;;;;;;;;;;;;;;;;;;;;;;;;Mädchen;
entity_0242;Berthold Breitinger;m;;;;;;;;;;;;;;;;;;;;;;;;;;;;;;Berthold Breitinger;
entity_0243;Grollende;u;;;;group;;;;;;;;;;;;;;;;;;;;;;;;;;Grollende;
entity_0244;Beteiligte;mf;;entity_0007,entity_0013,entity_0232;Familie Armbruster,Familie Gersbacher,Mitglieder des Gemeinderats,x;group;;;;;;;;;;;;;;;;;;;;;;;;;;Beteiligte;
entity_0245;Burgmannen;m;;;;group;;;;;;;;;;;;;;;;;;;;;;;;;;Burgmannen;
entity_0246;Frau Breitinger;f;;;;;;;;;;;;;;;;;;;;;;;;;;;;;;Frau Breitinger;
entity_0247;Tischgenossen;u;;;;group;;;;;;;;;;;;;;;;;;;;;;;;;;Tischgenossen;
entity_0248;andere Gäste;u;;;;group;;;;;;;;;;;;;;;;;;;;;;;;;;andere Gäste;
entity_0249;Würdenträger;m;;entity_0001,entity_0052,entity_0030,x;Pater Bumpus,Schultheiß,Christoph,x;group;;;;;;;;;;;;;;;;;;;;;;;;;;Würdenträger;
entity_0250;Burschen;m;;;;group;;;;;;;;;;;;;;;;;;;;;;;;;;Burschen;
entity_0251;Frauen;f;;;;group;;;;;;;;;;;;;;;;;;;;;;;;;;Frauen;
entity_0252;Winzer;m;;;;group;;;;;;;;;;;;;;;;;;;;;;;;Winzer;;;
entity_0253;Fremde;u;;entity_0002,x;Trudi,x;generic,group;;;;;;;;;;;;;;;;;;;Fremde;;;;;;;;
entity_0254;Henker;m;;;;generic, nonfact;;;;;;;;;;;;;;;;;Henker;;;;;;;;;;
entity_0255;Trudis Kind;u;;;;nonfact;;;;;;;;;;;Trudis Kind;;;;;;;;;;;;;;;;
entity_0256;Mädchen;f;;;;generic,group;;;;;;;;Mädchen;;;;;;;;;;;;;;;;;;;
