i	text
7	Erstes
8	Kapitel
9	.
10	An
11	einem
12	warmen
13	Septemberabend
14	saß
15	ein
16	hochgestalteter
17	,
18	stämmiger
19	Mann
20	mit
21	grauem
22	Langhaar
23	vor
24	dem
25	Wohnhause
26	seines
27	Gehöftes
28	in
29	dem
30	anmutig
31	gelegenen
32	Städtchen
33	Wachenheim
34	in
35	der
36	Rheinpfalz
37	und
38	blickte
39	sinnend
40	vor
41	sich
42	hin
43	.
44	Er
45	war
46	in
47	landesüblicher
48	Bauerntracht
49	,
50	aber
51	seine
52	Haltung
53	und
54	ganze
55	Erscheinung
56	hatten
57	etwas
58	Würdevolles
59	,
60	Achtunggebietendes
61	.
62	Seine
63	rechte
64	Hand
65	ruhte
66	auf
67	dem
68	derben
69	Kreuzbeintische
70	vor
71	ihm
72	,
73	und
74	ohne
75	sich
76	dessen
77	bewußt
78	zu
79	sein
80	,
81	trommelte
82	er
83	auf
84	der
85	Platte
86	einen
87	marschmäßigen
88	Takt
89	.
90	Er
91	hatte
92	in
93	den
94	überstandenen
95	,
96	langen
97	Kriegsjahren
98	viel
99	trommeln
100	gehört
101	,
102	und
103	so
104	war
105	ihm
106	dieses
107	Fingerspiel
108	zur
109	Gewohnheit
110	geworden
111	,
112	wenn
113	ihm
114	etwas
115	Besonderes
116	die
117	Gedanken
118	bewegte
119	.
120	Es
121	war
122	der
123	Bürgermeister
124	von
125	Wachenheim
126	Christoph
127	Armbruster
128	,
129	der
130	sich
131	als
132	Winzer
133	eines
134	behäbigen
135	Wohlstandes
136	erfreute
137	und
138	die
139	Bürgermeisterei
140	im
141	Ehrenamt
142	verwaltete
143	.
144	Es
145	schienen
146	auch
147	keineswegs
148	Sorgen
149	zu
150	sein
151	,
152	was
153	ihn
154	zu
155	dieser
156	Stunde
157	beschäftigte
158	,
159	denn
160	sein
161	Gesicht
162	mit
163	der
164	stark
165	hervortretenden
166	Nase
167	und
168	dem
169	kräftigen
170	Kinn
171	zeigte
172	einen
173	zufriedenen
174	Ausdruck
175	,
176	und
177	er
178	schaute
179	,
180	wie
181	sie
182	in
183	der
184	Pfalz
185	sagen
186	,
187	so
188	recht
189	stillbeducht
190	und
191	heimselig
192	drein
193	.
194	Das
195	Gehöft
196	,
197	auf
198	das
199	man
200	von
201	der
202	Straße
203	durch
204	ein
205	breites
206	,
207	bei
208	Tage
209	stets
210	offenes
211	Tor
212	gelangte
213	,
214	bildete
215	ein
216	umfangreiches
217	,
218	längliches
219	Viereck
220	,
221	in
222	welchem
223	sich
224	mehrere
225	,
226	den
227	Umfassungsmauern
228	angefügte
229	Gebäude
230	befanden
231	,
232	ein
233	größeres
234	,
235	zweistöckiges
236	Haus
237	,
238	das
239	der
240	Bürgermeister
241	mit
242	seiner
243	Frau
244	und
245	seiner
246	jüngsten
247	Tochter
248	,
249	und
250	ein
251	kleineres
252	,
253	das
254	sein
255	Sohn
256	mit
257	Frau
258	und
259	Kindern
260	bewohnte
261	,
262	ferner
263	das
264	Kelterhaus
265	,
266	Scheune
267	,
268	Schuppen
269	und
270	Ställe
271	.
272	Dem
273	größeren
274	Wohnhause
275	entlang
276	zog
277	sich
278	eine
279	schattige
280	Pergola
281	,
282	d.
283	h.
284	ein
285	laubenartiger
286	,
287	auch
288	oben
289	mit
290	Latten
291	versehener
292	Rebengang
293	,
294	worin
295	zwischen
296	den
297	Ranken
298	und
299	Blättern
300	dunkelblaue
301	Malvasiertrauben
302	hingen
303	.
304	Hinter
305	den
306	Häusern
307	streckte
308	sich
309	bis
310	an
311	die
312	mit
313	runden
314	Verteidigungstürmen
315	bewehrte
316	Stadtumwallung
317	ein
318	wohlgepflegter
319	Obst-
320	und
321	Gemüsegarten
322	.
323	Auf
324	dem
325	geräumigen
326	Hofe
327	stand
328	seitwärts
329	ein
330	alter
331	Nußbaum
332	,
333	dessen
334	mächtigen
335	Stamm
336	eine
337	hölzerne
338	Sitzbank
339	umgab
340	.
341	Dieses
342	stattliche
343	Anwesen
344	hieß
345	der
346	Abtshof
347	,
348	weil
349	es
350	vor
351	Jahrhunderten
352	das
353	Eigentum
354	des
355	nahen
356	,
357	von
358	Konrad
359	II.
360	,
361	dem
362	Salier
363	,
364	gestifteten
365	und
366	reich
367	dotierten
368	Benediktinerklosters
369	Limburg
370	gewesen
371	war
372	,
373	zu
374	dem
375	der
376	Kaiser
377	selber
378	,
379	und
380	zwar
381	an
382	dem
383	nämlichen
384	Tage
385	wie
386	zu
387	dem
388	herrlichen
389	Dom
390	in
391	Speyer
392	den
393	Grundstein
394	gelegt
395	hatte
396	.
397	Einer
398	der
399	Äbte
400	hatte
401	den
402	Hof
403	erbaut
404	,
405	um
406	hier
407	die
408	edlen
409	Gewächse
410	der
411	ihn
412	umgebenden
413	,
414	dem
415	Kloster
416	zugehörigen
417	Weinberge
418	keltern
419	und
420	lagern
421	zu
422	können
423	,
424	und
425	jetzt
426	noch
427	waren
428	die
429	starken
430	Mauern
431	und
432	Gewölbe
433	vorhanden
434	,
435	in
436	denen
437	dies
438	einst
439	geschehen
440	war
441	.
442	Außer
443	diesem
444	unterirdischen
445	Gemäuer
446	aber
447	war
448	von
449	dem
450	abteilichen
451	Bau
452	kaum
453	ein
454	Stein
455	auf
456	dem
457	andern
458	geblieben
459	.
460	Kriegsstürme
461	hatten
462	ihn
463	wie
464	so
465	manches
466	,
467	was
468	Menschenhand
469	hier
470	geschaffen
471	,
472	fast
473	bis
474	auf
475	den
476	Grund
477	hinweggefegt
478	.
479	Denn
480	die
481	Pfalz
482	,
483	namentlich
484	die
485	Vorderpfalz
486	mit
487	ihrem
488	Köstliches
489	hervorbringenden
490	Rebengelände
491	an
492	der
493	Haardt
494	hatte
495	unter
496	schweren
497	Drangsalen
498	zu
499	leiden
500	gehabt
501	.
502	Die
503	unaufhörlichen
504	Fehden
505	des
506	streitlustigen
507	Pfalzgrafen
508	bei
509	Rhein
510	Friedrich
511	des
512	Siegreichen
513	,
514	die
515	Untaten
516	des
517	Bauernkrieges
518	,
519	die
520	verzweifelten
521	Kämpfe
522	mit
523	den
524	beutegierigen
525	Landsknechten
526	des
527	Markgrafen
528	Albrecht
529	Alcibiades
530	von
531	Brandenburg
532	und
533	endlich
534	die
535	furchtbaren
536	Heimsuchungen
537	im
538	dreißigjährigen
539	Kriege
540	unter
541	Tilly
542	,
543	dem
544	Grafen
545	Ernst
546	von
547	Mansfeld
548	und
549	dem
550	Herzog
551	Christian
552	von
553	Braunschweig
554	hatten
555	die
556	Städte
557	und
558	Dörfer
559	der
560	Pfalz
561	eingeäschert
562	,
563	das
564	Land
565	verödet
566	,
567	die
568	Leute
569	ins
570	Elend
571	versetzt
572	.
573	Aber
574	die
575	unerschöpfliche
576	Fruchtbarkeit
577	des
578	Bodens
579	brachte
580	nach
581	jeder
582	Verwüstung
583	die
584	jungen
585	Saaten
586	und
587	Pflanzungen
588	zu
589	schnellem
590	Wachstum
591	,
592	und
593	die
594	Betriebsamkeit
595	der
596	Bewohner
597	besaß
598	die
599	zähe
600	Kraft
601	,
602	unverdrossen
603	wieder
604	aufzurichten
605	,
606	was
607	niedergestampft
608	,
609	verbrannt
610	und
611	verdorben
612	war
613	.
614	Trotz
615	aller
616	Verheerungen
617	,
618	denen
619	sie
620	im
621	Lauf
622	der
623	Zeiten
624	ausgesetzt
625	war
626	,
627	rühmte
628	sich
629	die
630	Pfalz
631	,
632	einer
633	der
634	höchstgesegneten
635	Gaue
636	des
637	deutschen
638	Reiches
639	zu
640	sein
641	,
642	so
643	daß
644	es
645	einst
646	von
647	ihr
648	hieß
649	,
650	sie
651	wäre
652	so
653	reich
654	,
655	daß
656	hier
657	selbst
658	die
659	Bettelleute
660	Kapitalsteuer
661	zahlten
662	.
663	Und
664	jetzt
665	,
666	sechzehn
667	Jahre
668	nach
669	dem
670	Westfälischen
671	Frieden
672	,
673	unter
674	der
675	Regierung
676	des
677	für
678	die
679	Wohlfahrt
680	seines
681	Landes
682	rastlos
683	bemühten
684	Kurfürsten
685	und
686	Pfalzgrafen
687	Karl
688	Ludwig
689	,
690	war
691	sie
692	in
693	fröhlichem
694	Aufschwung
695	begriffen
696	;
697	allerwegen
698	entfaltete
699	sich
700	ein
701	sichtliches
702	Gedeihen
703	von
704	Handel
705	und
706	Gewerbe
707	,
708	Acker-
709	und
710	Weinbau
711	.
712	Auch
713	der
714	Abtshof
715	,
716	die
717	einstige
718	Siedelung
719	jenes
720	längst
721	zerstörten
722	Benediktinerstiftes
723	,
724	hatte
725	sich
726	aus
727	den
728	Trümmern
729	,
730	in
731	die
732	er
733	mehr
734	als
735	einmal
736	gesunken
737	war
738	,
739	in
740	erneuter
741	Gestalt
742	erhoben
743	und
744	war
745	nun
746	schon
747	in
748	der
749	vierten
750	Generation
751	das
752	Erbe
753	der
754	Familie
755	Armbruster
756	.
757	Seine
758	letzte
759	Beschädigung
760	durch
761	die
762	Spanier
763	,
764	die
765	sein
766	gegenwärtiger
767	Besitzer
768	als
769	junger
770	Mensch
771	schon
772	erlebt
773	hatte
774	,
775	war
776	nicht
777	so
778	schlimm
779	gewesen
780	wie
781	die
782	früheren
783	.
784	Christophs
785	Großvater
786	hatte
787	ihn
788	wiederhergestellt
789	,
790	sein
791	Vater
792	noch
793	erweitert
794	und
795	ausgebaut
796	und
797	er
798	selber
799	ihn
800	endlich
801	zu
802	dem
803	gemacht
804	,
805	was
806	er
807	heute
808	war
809	,
810	ein
811	echt
812	pfälzischer
813	Bauern-
814	und
815	Winzerhof
816	,
817	der
818	sich
819	sehen
820	lassen
821	konnte
822	und
823	in
824	ganz
825	Wachenheim
826	nur
827	von
828	einem
829	einzigen
830	an
831	Größe
832	und
833	schmucker
834	Wohnlichkeit
835	noch
836	übertroffen
837	wurde
838	.
839	Hier
840	auf
841	seinem
842	freien
843	Eigen
844	saß
845	nun
846	Christoph
847	Armbruster
848	und
849	trommelte
850	mit
851	den
852	Fingern
853	auf
854	der
855	Tischplatte
856	.
857	Plötzlich
858	überflog
859	ein
860	gutmütig
861	schlaues
862	Lächeln
863	seine
864	markigen
865	Züge
866	,
867	und
868	er
869	hob
870	den
871	Blick
872	zu
873	der
874	trutzigen
875	Wachtenburg
876	empor
877	,
878	die
879	unweit
880	der
881	Stadt
882	den
883	Gipfel
884	eines
885	steilen
886	Vorberges
887	krönte
888	.
889	Die
890	Sonne
891	war
892	bereits
893	hinter
894	dem
895	hohen
896	,
897	in
898	schönen
899	Linien
900	auf-
901	und
902	absteigenden
903	Kamme
904	des
905	Gebirges
906	verschwunden
907	,
908	aber
909	ein
910	flammendes
911	Abendrot
912	stand
913	am
914	Himmel
915	und
916	überhauchte
917	die
918	Zinnen
919	und
920	Türme
921	der
922	Burg
923	mit
924	einem
925	goldigen
926	Schimmer
927	.
928	Dort
929	hauste
930	der
931	Reichsfreiherr
932	Dietrich
933	von
934	Remchingen
935	,
936	kurfürstlicher
937	Obervogt
938	der
939	Vorderpfalz
940	,
941	der
942	die
943	ihm
944	verliehene
945	Machtbefugnis
946	gerecht
947	und
948	mild
949	ausübte
950	.
951	Er
952	und
953	Christoph
954	waren
955	Jugendgenossen
956	.
957	Der
958	Abkömmling
959	eines
960	alten
961	,
962	stolzen
963	Rittergeschlechtes
964	und
965	der
966	Sproß
967	einer
968	alten
969	,
970	freien
971	Bauernfamilie
972	hatten
973	sich
974	als
975	Knaben
976	bald
977	auf
978	den
979	Wällen
980	und
981	in
982	den
983	Gräben
984	der
985	Burg
986	,
987	bald
988	in
989	dem
990	Garten
991	und
992	den
993	Wirtschaftsräumen
994	des
995	Winzerhofes
996	getummelt
997	,
998	hatten
999	als
1000	Jünglinge
1001	die
1002	Berge
1003	und
1004	Täler
1005	der
1006	Haardt
1007	durchstreift
1008	,
1009	als
1010	Männer
1011	dem
1012	edlen
1013	Weidwerk
1014	obgelegen
1015	und
1016	endlich
1017	die
1018	Schrecken
1019	des
1020	großen
1021	Krieges
1022	miteinander
1023	getragen
1024	,
1025	und
1026	ihre
1027	Freundschaft
1028	hatte
1029	durch
1030	all
1031	die
1032	langen
1033	Jahre
1034	treulich
1035	standgehalten
1036	und
1037	blühte
1038	heute
1039	noch
1040	,
1041	wo
1042	sie
1043	beide
1044	rüstige
1045	,
1046	welterfahrene
1047	Sechziger
1048	waren
1049	.
1050	Im
1051	traulichen
1052	Gespräch
1053	nannten
1054	sie
1055	sich
1056	du
1057	und
1058	bei
1059	den
1060	Vornamen
1061	,
1062	im
1063	amtlichen
1064	Verkehr
1065	aber
1066	,
1067	den
1068	ja
1069	ihre
1070	Stellungen
1071	mit
1072	sich
1073	brachten
1074	und
1075	bei
1076	dem
1077	es
1078	hin
1079	und
1080	wieder
1081	zu
1082	kleinen
1083	Reibereien
1084	und
1085	manchmal
1086	auch
1087	zu
1088	einem
1089	scharfen
1090	Wortwechsel
1091	kam
1092	,
1093	schnoben
1094	sie
1095	sich
1096	auch
1097	wohl
1098	mit
1099	Herr
1100	Reichsfreiherr
1101	!
1102	und
1103	Herr
1104	Bürgermeister
1105	!
1106	unwirsch
1107	an
1108	,
1109	um
1110	sich
1111	beim
1112	nächsten
1113	Wiedersehen
1114	ohne
1115	Vorrede
1116	die
1117	Hände
1118	zu
1119	schütteln
1120	und
1121	herzlich
1122	ins
1123	Gesicht
1124	zu
1125	lachen
1126	.
1127	An
1128	einen
1129	solchen
1130	kürzlich
1131	gehabten
1132	Streit
1133	mochte
1134	der
1135	Bürgermeister
1136	wohl
1137	gedacht
1138	haben
1139	,
1140	als
1141	er
1142	zur
1143	Wachtenburg
1144	hinaufgeblickt
1145	hatte
1146	.
1147	Wie
1148	er
1149	da
1150	nun
1151	am
1152	Tisch
1153	unter
1154	den
1155	Reben
1156	saß
1157	und
1158	sinnierte
1159	,
1160	lugte
1161	plötzlich
1162	,
1163	unbemerkt
1164	von
1165	ihm
1166	,
1167	ein
1168	brauner
1169	Mädchenkopf
1170	aus
1171	der
1172	Haustür
1173	um
1174	die
1175	Ecke
1176	,
1177	und
1178	husch
1179	!
1180	sprang
1181	eine
1182	hübsche
1183	junge
1184	Dirn
1185	die
1186	paar
1187	Stufen
1188	hinab
1189	und
1190	zu
1191	dem
1192	Alten
1193	auf
1194	die
1195	Bank
1196	,
1197	wo
1198	sie
1199	sich
1200	kuschelig
1201	an
1202	seine
1203	breite
1204	Schulter
1205	schmiegte
1206	.
1207	»
1208	Grashupf
1209	,
1210	bist
1211	du
1212	da
1213	?
1214	«
1215	sprach
1216	er
1217	,
1218	indem
1219	er
1220	den
1221	Arm
1222	um
1223	seinen
1224	Liebling
1225	,
1226	die
1227	jüngste
1228	Tochter
1229	,
1230	schlang
1231	.
1232	»
1233	Wo
1234	ist
1235	die
1236	Mutter
1237	?
1238	«
1239	»
1240	Sie
1241	kommt
1242	auch
1243	gleich
1244	,
1245	«
1246	erwiderte
1247	das
1248	Mädchen
1249	.
1250	»
1251	Hast
1252	wohl
1253	schon
1254	Hunger
1255	,
1256	Väterle
1257	?
1258	«
1259	»
1260	O
1261	ja
1262	,
1263	aber
1264	die
1265	andern
1266	fehlen
1267	auch
1268	noch
1269	,
1270	ihr
1271	laßt
1272	mich
1273	ja
1274	ganz
1275	allein
1276	hier
1277	.
1278	«
1279	»
1280	Ich
1281	doch
1282	nicht
1283	,
1284	Väterle
1285	!
1286	ich
1287	lauf
1288	dir
1289	immer
1290	nach
1291	wie
1292	ein
1293	spürendes
1294	Hundl
1295	seinem
1296	verlorenen
1297	Herrn
1298	.
1299	«
1300	»
1301	Ja
1302	du
1303	,
1304	du
1305	!
1306	«
1307	lächelte
1308	er
1309	und
1310	drückte
1311	sie
1312	sanft
1313	an
1314	sich
1315	.
1316	Die
1317	Siebzehnjährige
1318	mit
1319	runden
1320	Wangen
1321	und
1322	lustigen
1323	Augen
1324	war
1325	eine
1326	Herzensfreude
1327	für
1328	den
1329	ernsten
1330	,
1331	manchmal
1332	kurz
1333	angebundenen
1334	Mann
1335	,
1336	und
1337	wenn
1338	er
1339	sie
1340	auch
1341	keineswegs
1342	verzogen
1343	hatte
1344	,
1345	so
1346	besaß
1347	sie
1348	doch
1349	eine
1350	nicht
1351	geringe
1352	Gewalt
1353	über
1354	ihn
1355	und
1356	konnte
1357	ihm
1358	abbetteln
1359	und
1360	abschmeicheln
1361	,
1362	was
1363	sie
1364	wollte
1365	.
1366	Er
1367	aber
1368	hatte
1369	seinen
1370	Spaß
1371	an
1372	den
1373	kleinen
1374	Listen
1375	,
1376	die
1377	sie
1378	dabei
1379	anwandte
1380	und
1381	die
1382	er
1383	,
1384	ohne
1385	sich's
1386	merken
1387	zu
1388	lassen
1389	,
1390	wohl
1391	durchschaute
1392	.
1393	Die
1394	beiden
1395	blieben
1396	nicht
1397	lange
1398	allein
1399	.
1400	Zwei
1401	pausbäckige
1402	Jungen
1403	von
1404	zehn
1405	und
1406	acht
1407	Jahren
1408	,
1409	Christophs
1410	Enkel
1411	,
1412	kamen
1413	um
1414	das
1415	Haus
1416	herum
1417	angestürmt
1418	,
1419	und
1420	das
1421	erste
1422	Wort
1423	des
1424	älteren
1425	war
1426	:
1427	»
1428	Gibt's
1429	noch
1430	nichts
1431	zu
1432	essen
1433	?
1434	«
1435	»
1436	So
1437	!
1438	«
1439	lachte
1440	Christoph
1441	,
1442	»
1443	wo
1444	habt
1445	ihr
1446	Schlingel
1447	denn
1448	gesteckt
1449	?
1450	«
1451	»
1452	Im
1453	Garten
1454	,
1455	Großvater
1456	,
1457	«
1458	erwiderte
1459	der
1460	jüngere
1461	.
1462	»
1463	Und
1464	wo
1465	sind
1466	eure
1467	Eltern
1468	?
1469	«
1470	»
1471	Vater
1472	ist
1473	nicht
1474	daheim
1475	,
1476	und
1477	Mutter
1478	singt's
1479	Bärbele
1480	in
1481	Schlaf
1482	.
1483	«
1484	»
1485	Dann
1486	seht
1487	mal
1488	nach
1489	,
1490	ob
1491	ihr
1492	Großmutter
1493	findet
1494	,
1495	daß
1496	sie
1497	euch
1498	die
1499	gefräßigen
1500	Mäuler
1501	stopft
1502	.
1503	«
1504	Da
1505	sprangen
1506	sie
1507	ins
1508	Haus
1509	hinein
1510	,
1511	und
1512	man
1513	hörte
1514	sie
1515	nach
1516	der
1517	Großmutter
1518	rufen
1519	.
1520	Nun
1521	erscholl
1522	von
1523	innen
1524	eine
1525	weibliche
1526	Stimme
1527	:
1528	»
1529	Ammerie
1530	!
1531	«
1532	»
1533	Ja
1534	,
1535	Mutter
1536	!
1537	«
1538	gab
1539	das
1540	Mädchen
1541	zurück
1542	und
1543	enteilte
1544	.
1545	Bald
1546	kamen
1547	die
1548	vier
1549	wieder
1550	.
1551	Christophs
1552	Frau
1553	Madlen
1554	,
1555	in
1556	Abkürzung
1557	von
1558	Magdalene
1559	so
1560	genannt
1561	,
1562	und
1563	Ammerie
1564	,
1565	beide
1566	mit
1567	irdenen
1568	Tellern
1569	und
1570	Schüsseln
1571	beladen
1572	,
1573	auf
1574	denen
1575	das
1576	kalte
1577	Abendbrot
1578	appetitlich
1579	geschichtet
1580	war
1581	,
1582	und
1583	hinter
1584	ihnen
1585	die
1586	zwei
1587	Jungen
1588	mit
1589	anderem
1590	Eßgerät
1591	,
1592	soviel
1593	ihre
1594	kleinen
1595	Hände
1596	fassen
1597	konnten
1598	.
1599	Alles
1600	wurde
1601	auf
1602	die
1603	sieben
1604	Plätze
1605	an
1606	dem
1607	zuvor
1608	mit
1609	einem
1610	blaugemusterten
1611	Linnen
1612	bedeckten
1613	Tisch
1614	verteilt
1615	,
1616	denn
1617	der
1618	Sohn
1619	aß
1620	mit
1621	Frau
1622	und
1623	Kindern
1624	stets
1625	bei
1626	den
1627	Eltern
1628	,
1629	weil
1630	es
1631	der
1632	alte
1633	Herr
1634	,
1635	der
1636	auf
1637	den
1638	festen
1639	Zusammenhalt
1640	der
1641	Familie
1642	hohen
1643	Wert
1644	legte
1645	,
1646	so
1647	verlangte
1648	.
1649	Als
1650	Ammerie
1651	dann
1652	noch
1653	einen
1654	großen
1655	Steinkrug
1656	selbst
1657	geherbsteten
1658	Wein
1659	und
1660	fünf
1661	zinnerne
1662	Becher
1663	geholt
1664	hatte
1665	,
1666	erschien
1667	auch
1668	Elsbeth
1669	,
1670	Armbrusters
1671	schöngewachsene
1672	Schwiegertochter
1673	.
1674	»
1675	Wo
1676	hast
1677	du
1678	deinen
1679	Mann
1680	?
1681	«
1682	fragte
1683	Christoph
1684	.
1685	»
1686	Ich
1687	weiß
1688	nicht
1689	,
1690	wo
1691	der
1692	Peter
1693	bleibt
1694	,
1695	«
1696	erwiderte
1697	Elsbeth
1698	.
1699	»
1700	Er
1701	wollte
1702	nur
1703	noch
1704	einmal
1705	zum
1706	Böttchermeister
1707	Lutz
1708	Hebenstreit
1709	gehen
1710	.
1711	«
1712	»
1713	Nun
1714	,
1715	warten
1716	wir
1717	nicht
1718	auf
1719	ihn
1720	,
1721	«
1722	bestimmte
1723	der
1724	Bürgermeister
1725	und
1726	ließ
1727	sich
1728	quervor
1729	am
1730	Tische
1731	in
1732	einem
1733	grobgezimmerten
1734	Lehnstuhl
1735	nieder
1736	,
1737	seiner
1738	Frau
1739	gegenüber
1740	,
1741	so
1742	daß
1743	Kinder
1744	und
1745	Enkel
1746	zwischen
1747	den
1748	beiden
1749	Alten
1750	saßen
1751	,
1752	das
1753	jüngere
1754	Ehepaar
1755	auf
1756	der
1757	Bank
1758	.
1759	Ehe
1760	sie
1761	aber
1762	alle
1763	Platz
1764	genommen
1765	hatten
1766	,
1767	rief
1768	der
1769	ältere
1770	der
1771	beiden
1772	Jungen
1773	:
1774	»
1775	Da
1776	kommt
1777	der
1778	Vater
1779	!
1780	«
1781	Peter
1782	,
1783	an
1784	Gliederbau
1785	wie
1786	auch
1787	im
1788	Gesicht
1789	seines
1790	Vaters
1791	Ebenbild
1792	und
1793	dessen
1794	rechte
1795	Hand
1796	im
1797	Wirtschaftsbetriebe
1798	,
1799	kam
1800	schnell
1801	über
1802	den
1803	Hof
1804	heran
1805	und
1806	setzte
1807	sich
1808	mit
1809	einem
1810	entschuldigenden
1811	»
1812	Verzeiht
1813	!
1814	«
1815	neben
1816	seine
1817	Frau
1818	.
1819	Nach
1820	einem
1821	kurzen
1822	Tischgebete
1823	,
1824	das
1825	der
1826	älteste
1827	Enkel
1828	geläufig
1829	,
1830	doch
1831	ohne
1832	große
1833	Andacht
1834	hersagte
1835	,
1836	begannen
1837	sie
1838	zu
1839	essen
1840	,
1841	und
1842	Elsbeth
1843	teilte
1844	ihren
1845	beiden
1846	Jungen
1847	ein
1848	Genügendes
1849	zu
1850	,
1851	während
1852	Ammerie
1853	aus
1854	dem
1855	Kruge
1856	die
1857	Becher
1858	füllte
1859	.
1860	»
1861	Du
1862	warst
1863	noch
1864	bei
1865	Lutz
1866	Hebenstreit
1867	?
1868	«
1869	fragte
1870	Christoph
1871	.
1872	»
1873	Ja
1874	,
1875	ich
1876	wollte
1877	ihn
1878	noch
1879	einmal
1880	ernstlich
1881	an
1882	unsere
1883	Fässer
1884	mahnen
1885	,
1886	«
1887	gab
1888	Peter
1889	zur
1890	Antwort
1891	,
1892	»
1893	aber
1894	da
1895	kam
1896	ich
1897	bei
1898	dem
1899	bärbeißigen
1900	alten
1901	Junggesellen
1902	schön
1903	an
1904	.
1905	Erst
1906	müßte
1907	er
1908	die
1909	für
1910	meinen
1911	Schwiegervater
1912	fertigschaffen
1913	,
1914	der
1915	ihm
1916	mit
1917	Entziehung
1918	seiner
1919	Kundschaft
1920	gedroht
1921	hätte
1922	,
1923	wenn
1924	er
1925	sie
1926	ihm
1927	nicht
1928	pünktlich
1929	lieferte
1930	;
1931	wir
1932	sollten
1933	ihn
1934	in
1935	des
1936	Deibels
1937	Namen
1938	in
1939	Ruhe
1940	lassen
1941	,
1942	fuhr
1943	er
1944	patzig
1945	auf
1946	mich
1947	los
1948	,
1949	ehe
1950	ich
1951	nur
1952	ausreden
1953	konnte
1954	.
1955	«
1956	»
1957	Nun
1958	,
1959	es
1960	ist
1961	ja
1962	noch
1963	ein
1964	paar
1965	Wochen
1966	Zeit
1967	bis
1968	zur
1969	Lese
1970	,
1971	«
1972	meinte
1973	Madlen
1974	begütigend
1975	.
1976	»
1977	Die
1978	Wingerten
1979	sind
1980	geschlossen
1981	,
1982	und
1983	wir
1984	haben
1985	einen
1986	guten
1987	Herbst
1988	vor
1989	uns
1990	,
1991	«
1992	sagte
1993	Christoph
1994	.
1995	»
1996	Aber
1997	freilich
1998	,
1999	wo
2000	Florian
2001	Gersbacher
2002	den
2003	Vorsprung
2004	hat
2005	,
2006	da
